time_start,zone,time_start_flare,xray_class,time_travel,url_pm,url_flare,comment
1996-02-06 19:02:00|||||http://umtof.umd.edu/pm/fig960206.png||
1996-04-08 12:33:00|||||http://umtof.umd.edu/pm/fig960408.png||
1996-09-26 21:14:00|1||||http://umtof.umd.edu/pm/fig960926.gif||reverse shock
1996-10-02 11:45:00|2||||http://umtof.umd.edu/pm/fig961002.gif||a possible slow shock
1996-11-17 20:26:00|1||||http://umtof.umd.edu/pm/fig961117.gif||a possible slow shock
1997-02-09 12:43:00|3||||http://umtof.umd.edu/pm/fig970209.gif||
1997-04-10 12:58:00|2||||http://umtof.umd.edu/pm/fig970410.gif||(note the solar wind flow direction in the plane perpendicular to the ecliptic (bottom panel) turns positive after the shock, indicating flow from the south. Energetic particles were detected from a flare on 7 April.)
1997-05-15 00:55:00|30||||http://umtof.umd.edu/pm/fig970515.gif||(our IMP sensor detected energetic particles from a flare on 12 May, and at the shock passage on 15 May.)
1997-05-20 04:47:00|4||||http://umtof.umd.edu/pm/fig970520.gif||
1997-05-25 13:24:00|0||||http://umtof.umd.edu/pm/fig970525.gif||
1997-09-02 22:03:00|1||||http://umtof.umd.edu/pm/fig970902.gif||
1997-09-03 08:12:00|1||||http://umtof.umd.edu/pm/fig970903.gif||
1997-10-01 00:20:00|3||||http://umtof.umd.edu/pm/fig971001.gif||(Also see the HSTOF data for the same time period. More STOF data is available at the STOF data site.)
1997-10-23 07:02:00|2||||http://umtof.umd.edu/pm/fig971023.gif||
1997-10-24 10:20:00|4||||http://umtof.umd.edu/pm/fig971024.gif||(STOF also sees a signature during this time period.)
1997-11-06 22:07:00|4||||http://umtof.umd.edu/pm/fig971106.gif||The Space Environment Center has a plot showing a large flux of high energy protons and xrays on 4 Nov as well as a large KP index on 7 Nov.
1997-11-09 21:51:00|||||http://umtof.umd.edu/pm/fig971109.png||
1997-11-22 08:55:00|4||||http://umtof.umd.edu/pm/fig971122.gif||
1997-12-10 04:24:00|4||||http://umtof.umd.edu/pm/fig971210.gif||
1997-12-30 01:18:00|3||||http://umtof.umd.edu/pm/fig971230.gif||
1998-01-06 13:19:00|4||||http://umtof.umd.edu/pm/fig980106.gif||(possibly from the January 3rd CME/Prominence event)
1998-01-24 04:49:00|3||||http://umtof.umd.edu/pm/fig980124.gif||
1998-01-28 16:02:00|||||http://umtof.umd.edu/pm/fig980128.gif||(possibly related to the Type II radio burst observed by WAVES on Jan 25 around 1519 UT).
1998-01-31 15:57:00|3||||http://umtof.umd.edu/pm/fig980131.gif||- - an interesting structure.
1998-02-11 13:37:00|1||||http://umtof.umd.edu/pm/fig980211.gif||
1998-02-18 08:02:00|1||||http://umtof.umd.edu/pm/fig980218.gif||
1998-02-20 00:31:00|||||http://umtof.umd.edu/pm/fig980220.png||possible slow shock
1998-03-02 08:02:00|0||||http://umtof.umd.edu/pm/fig980302.gif||
1998-03-25 15:34:00|3||||http://umtof.umd.edu/pm/fig980325.gif||
1998-04-07 16:59:00|3||||http://umtof.umd.edu/pm/fig980407.gif||
1998-04-23 17:14:00|3||||http://umtof.umd.edu/pm/fig980423.gif||
1998-05-01 21:15:00|4||||http://umtof.umd.edu/pm/fig980501.gif||
1998-05-03 17:06:00|4||||http://umtof.umd.edu/pm/fig980503.gif||
1998-05-04 02:12:00|2||||http://umtof.umd.edu/pm/fig980504.gif||&amp; 3
1998-05-08 09:23:00|||||http://umtof.umd.edu/pm/fig980508.png||
1998-05-15 13:42:00|3||||http://umtof.umd.edu/pm/fig980515.gif||
1998-05-29 14:58:00|3||||http://umtof.umd.edu/pm/fig980529.gif||
1998-06-13 18:25:00|3||||http://umtof.umd.edu/pm/fig980613.gif||
1998-11-07 07:35:00|3||||http://umtof.umd.edu/pm/fig981107.gif||- this is the first shock observed by the PM since SOHO's recovery
1998-11-08 04:20:00|4||||http://umtof.umd.edu/pm/fig981108.gif||
1999-02-21 21:53:00|||||http://umtof.umd.edu/pm/fig990221.gif||possible slow shock
1999-02-28 20:47:00|1||||http://umtof.umd.edu/pm/fig990228.gif||
1999-03-10 00:46:00|2||||http://umtof.umd.edu/pm/fig990310.gif||
1999-04-16 10:47:00|2||||http://umtof.umd.edu/pm/fig990416.gif||
1999-05-05 14:46:00|4||||http://umtof.umd.edu/pm/fig990505.gif||
1999-05-25 09:41:00|1||||http://umtof.umd.edu/pm/fig990525.gif||A nice, clean Reverse Shock observed shortly after the arrival of a corotating high speed stream.
1999-06-08 02:06:00|||||http://umtof.umd.edu/pm/fig990608.png||possible slow shock
1999-06-26 02:36:00|1||||http://umtof.umd.edu/pm/fig9906260236.gif||
1999-06-26 19:27:00|4||||http://umtof.umd.edu/pm/fig9906261927.gif||
1999-06-28 02:28:00|||||http://umtof.umd.edu/pm/fig990628.gif||possible weak shock
1999-07-02 00:23:00|3||||http://umtof.umd.edu/pm/fig990702.gif||
1999-07-06 14:23:00|3||||http://umtof.umd.edu/pm/fig990706.gif||
1999-07-12 01:10:00|3||||http://umtof.umd.edu/pm/fig990712.gif||
1999-07-26 23:47:00|||||http://umtof.umd.edu/pm/fig990726.png||
1999-08-04 01:31:00|3||||http://umtof.umd.edu/pm/fig990804.gif||
1999-08-12 03:23:00|1||||http://umtof.umd.edu/pm/fig990812.gif||
1999-08-15 09:52:00|2||||http://umtof.umd.edu/pm/fig990815.gif||
1999-08-23 11:38:00|||||http://umtof.umd.edu/pm/fig990823.gif||
1999-09-12 03:15:00|4||||http://umtof.umd.edu/pm/fig990912.gif||
1999-09-15 07:24:00|0||||http://umtof.umd.edu/pm/fig990915.gif||
1999-09-23 08:49:00|1||||http://umtof.umd.edu/pm/fig990923.gif||reverse shock.
1999-10-21 01:34:00|4||||http://umtof.umd.edu/pm/fig991021.gif||
1999-10-28 11:17:00|2||||http://umtof.umd.edu/pm/fig991028.gif||
1999-11-05 19:07:00|2||||http://umtof.umd.edu/pm/fig991105.gif||
1999-11-13 12:05:00|3||||http://umtof.umd.edu/pm/fig991113.gif||
1999-12-12 15:15:00|4||||http://umtof.umd.edu/pm/fig991212.gif||
2000-01-11 13:51:00|1||||http://umtof.umd.edu/pm/fig000111.gif||
2000-01-22 00:27:00|||||http://umtof.umd.edu/pm/fig000122.gif||
2000-01-27 14:14:00|2||||http://umtof.umd.edu/pm/fig000127.gif||
2000-02-05 15:01:00|1||||http://umtof.umd.edu/pm/fig000205.gif||
2000-02-11 02:22:00|3||||http://umtof.umd.edu/pm/fig0002110222.gif||
2000-02-11 23:24:00|4||||http://umtof.umd.edu/pm/fig0002112324.gif||
2000-02-14 07:07:00|0||||http://umtof.umd.edu/pm/fig000214.gif||
2000-02-20 20:56:00|4||||http://umtof.umd.edu/pm/fig000220.gif||
2000-02-24 14:05:00|1||||http://umtof.umd.edu/pm/fig000224.gif||reverse shock
2000-04-06 16:01:00|4||||http://umtof.umd.edu/pm/fig000406.gif||
2000-06-04 14:18:00|4||||http://umtof.umd.edu/pm/fig000604.gif||
2000-06-08 08:43:00|4||||http://umtof.umd.edu/pm/fig000608.gif||
2000-06-23 12:33:00|3||||http://umtof.umd.edu/pm/fig000623.gif||
2000-07-10 05:55:00|4||||http://umtof.umd.edu/pm/fig000710.gif||
2000-07-13 09:11:00|4||||http://umtof.umd.edu/pm/fig000713.gif||, both
2000-07-14 15:07:00|3||||http://umtof.umd.edu/pm/fig000714.gif||
2000-07-15 14:17:00|4||||http://umtof.umd.edu/pm/fig000715.gif||more data is available for this interesting time period
2000-07-19 15:01:00|4||||http://umtof.umd.edu/pm/fig000719.gif||
2000-07-26 03:02:00|1||||http://umtof.umd.edu/pm/fig0007260302.gif||
2000-07-26 18:09:00|2||||http://umtof.umd.edu/pm/fig0007261809.gif||
2000-07-28 05:54:00|4||||http://umtof.umd.edu/pm/fig0007280552.gif||
2000-07-28 09:20:00|3||||http://umtof.umd.edu/pm/fig0007280920.gif||
2000-08-11 18:19:00|4||||http://umtof.umd.edu/pm/fig000811.gif||
2000-08-14 21:49:00|4||||http://umtof.umd.edu/pm/fig000814.gif||
2000-09-06 16:18:00|4||||http://umtof.umd.edu/pm/fig000906.gif||
2000-09-15 04:15:00|4||||http://umtof.umd.edu/pm/fig000915.gif||
2000-09-17 17:12:00|||||http://umtof.umd.edu/pm/fig000917.png||
2000-10-02 23:58:00|2||||http://umtof.umd.edu/pm/fig001002.gif||
2000-10-05 02:36:00|4||||http://umtof.umd.edu/pm/fig001005.gif||
2000-10-12 21:36:00|4||||http://umtof.umd.edu/pm/fig001012.gif||
2000-10-28 05:32:00|1||||http://umtof.umd.edu/pm/fig0010280532.gif||
2000-10-28 09:01:00|4||||http://umtof.umd.edu/pm/fig0010280901.gif||
2000-10-31 16:23:00|4||||http://umtof.umd.edu/pm/fig001031.gif||
2000-11-04 01:30:00|4||||http://umtof.umd.edu/pm/fig001104.gif||
2000-11-06 09:07:00|3||||http://umtof.umd.edu/pm/fig001106.gif||
2000-11-10 06:01:00|4||||http://umtof.umd.edu/pm/fig001110.gif||
2000-11-26 07:15:00|0||||http://umtof.umd.edu/pm/fig0011260715.gif||
2000-11-26 11:26:00|4||||http://umtof.umd.edu/pm/fig0011261126.gif||
2000-11-28 04:47:00|2||||http://umtof.umd.edu/pm/fig001128.gif||
2000-12-21 10:09:00|||||http://umtof.umd.edu/pm/fig001221.gif||
2001-01-10 15:28:00|2||||http://umtof.umd.edu/pm/fig010110.gif||a forward shock preceding a high speed stream
2001-01-13 01:50:00|3||||http://umtof.umd.edu/pm/fig010113.gif||
2001-01-17 15:45:00|3||||http://umtof.umd.edu/pm/fig010117.gif||
2001-01-18 09:18:00|||||http://umtof.umd.edu/pm/fig010118.gif||
2001-01-23 10:15:00|4||||http://umtof.umd.edu/pm/fig010123.gif||
2001-01-31 07:36:00|4||||http://umtof.umd.edu/pm/fig010131.gif||
2001-02-20 01:03:00|||||http://umtof.umd.edu/pm/fig010220.gif||a possible small shock
2001-03-03 10:52:00|1||||http://umtof.umd.edu/pm/fig010303.gif||
2001-03-05 21:33:00|1||||http://umtof.umd.edu/pm/fig010305.gif||reverse shock
2001-03-19 10:12:00|3||||http://umtof.umd.edu/pm/fig010319.gif||
2001-03-22 12:32:00|1||||http://umtof.umd.edu/pm/fig010322.gif||
2001-03-27 01:04:00|4||||http://umtof.umd.edu/pm/fig0103270104.gif||
2001-03-27 17:02:00|4||||http://umtof.umd.edu/pm/fig0103271702.gif||
2001-03-31 00:14:00|4|2001-03-29 10:15:00|X1.7|38|http://umtof.umd.edu/pm/fig010331.gif|http://umtof.umd.edu/sem/XRAY010329.gif|?Origin: AR 9393, X1.7, N14W12?, 29 Mar 1015 UT; travel time 38 hours
2001-04-04 14:21:00|4|2001-04-02 21:51:00|X20|40.5|http://umtof.umd.edu/pm/fig010404.gif|http://umtof.umd.edu/sem/XRAY010402.gif|?Origin: AR 9393, X20, N19W75?, 2 Apr 2151 UT; travel time 40.5 hours
2001-04-07 16:45:00|3|2001-04-05 17:25:00|M5.1|47.5|http://umtof.umd.edu/pm/fig010407.gif|http://umtof.umd.edu/sem/XRAY010405.gif|?Origin: AR 9415, M5.1/2N, S24E50, 5 Apr 1725 UT; travel time 47.5 hours
2001-04-08 10:23:00|4|2001-04-06 19:21:00|X5.6|39|http://umtof.umd.edu/pm/fig010408.gif|http://umtof.umd.edu/sem/XRAY010406.gif|?Origin: AR 9415, X5.6/SF, S21E31, 6 Apr 1921 UT; travel time 39 hours
2001-04-11 13:02:00|3|2001-04-09 15:34:00|M7.9|45.5|http://umtof.umd.edu/pm/fig0104111302.gif|http://umtof.umd.edu/sem/XRAY010409.gif|?Origin: AR 9415, M7.9/2B, S21W04, 9 Apr 1534 UT; travel time 45.5 hours; <br> almost overtaken by the above event
2001-04-11 15:18:00|3|2001-04-10 05:26:00|X2.3|34|http://umtof.umd.edu/pm/fig0104111518.gif|http://umtof.umd.edu/sem/XRAY010410.gif|?Origin: AR 9415, X2.3/3B, S23W09, 10 Apr 0526 UT; travel time 34 hours; <br> long-duration 3B flare near central meridian
2001-04-13 07:05:00|3|2001-04-11 13:26:00|M2.3|42|http://umtof.umd.edu/pm/fig010413.gif|http://umtof.umd.edu/sem/XRAY010411.gif|?Origin: AR 9415, M2.3/1F, S22W27, 11 Apr 1326 UT; travel time 42 hours
2001-04-17 23:57:00|4|2001-04-15 13:50:00|X14.4|58|http://umtof.umd.edu/pm/fig010417.gif|http://umtof.umd.edu/sem/XRAY010415.gif|?Origin: AR 9415, X14.4/2B, S20W85, 15 Apr 1350 UT; travel time 58 hours; <br> accompanied by a Ground Level Event
2001-04-21 14:57:00|2|2001-04-18 02:14:00|C2.2|84.5|http://umtof.umd.edu/pm/fig010421.gif|http://umtof.umd.edu/sem/XRAY010418.gif|??Origin: AR 9415, C2.2, S20W120?, 18 Apr 0214 UT; travel time 84.5 hours; <br> accompanied by a Ground Level Event
2001-04-28 04:28:00|4|2001-04-26 13:12:00|M7.8|39.5|http://umtof.umd.edu/pm/fig010428.gif|http://umtof.umd.edu/sem/XRAY010426.gif|?Origin: AR 9433, M7.8/2B, N17W31, 26 Apr 1312 UT ; travel time 39.5 hours
2001-05-27 14:17:00|4|2001-05-24 19:39:00|M1|66.5|http://umtof.umd.edu/pm/fig010527.gif||?Origin: AR 9468, M1/1N, N07E29, 24 May 1939 UT; travel time 66.5 hours, OR perhaps was generated by a halo CME observed by LASCO, 25 May ~0400 UT, travel time 58 hours
2001-06-18 01:53:00|4|2001-06-15 10:13:00|M6.3|63.5|http://umtof.umd.edu/pm/fig010618.gif|http://umtof.umd.edu/sem/XRAY010615.gif|?Origin: AR 9502, M6.3/1N, S26E41, 15 June 1013 UT; travel time 63.5 hours
2001-08-03 06:37:00|4||||http://umtof.umd.edu/pm/fig010803.gif||
2001-08-05 12:01:00|||||http://umtof.umd.edu/pm/fig0108051201.png||
2001-08-12 10:49:00|4|||73|http://umtof.umd.edu/pm/fig010812.gif||?Origin: Disappearing Filament, 9 August 0936 UT; travel time 73 hours
2001-08-17 10:26:00|4|2001-08-14 11:30:00|C2.3|70|http://umtof.umd.edu/pm/fig010817.gif||?Origin: C2.3, N26W10, Halo CME 14 August ???? UT; travel time 70 hours
2001-08-27 19:14:00|4|2001-08-25 16:45:00|X5.3|50.5|http://umtof.umd.edu/pm/fig010827.gif|http://umtof.umd.edu/sem/XRAY010825.gif|?Origin: Halo CME, 25 August 1650 UT, associated with an X5.3 flare at S17E34 observed at 1645; travel time 50.5 hours
2001-08-30 13:26:00|2||||http://umtof.umd.edu/pm/fig010830.gif||
2001-09-14 01:08:00|4||||http://umtof.umd.edu/pm/fig010914.gif||
2001-09-25 19:51:00|4|2001-09-24 10:38:00|X2.6|33|http://umtof.umd.edu/pm/fig010925.gif|http://umtof.umd.edu/sem/XRAY010924.gif|?Origin: Halo CME, 24 September 0912 UT, starting at AR9632, associated with an X2.6 flare at S18E27 observed at 1038 UT; travel time 33 hours
2001-09-29 09:03:00|4||||http://umtof.umd.edu/pm/fig010929.gif||
2001-09-30 18:41:00|4||||http://umtof.umd.edu/pm/fig010930.gif||
2001-10-11 16:13:00|4|2001-10-09 10:46:00|M1.4|53|http://umtof.umd.edu/pm/fig011011.gif||?Origin: Halo CME, 09 Oct 1130 UT, starting at AR9653, associated with an M1.4 flare at S23E17; travel time 53 hours
2001-10-21 16:05:00|4|2001-10-19 01:05:00|X1.6|63|http://umtof.umd.edu/pm/fig011021.gif|http://umtof.umd.edu/sem/XRAY011019a.gif|?Origin: 19 Oct 0105 UT halo CME and X1.6/2B flare in AR 9661 at N16W18; travel time 63 hours
2001-10-25 07:57:00|4|2001-10-22 17:59:00|X1.2|62|http://umtof.umd.edu/pm/fig011025.gif|http://umtof.umd.edu/sem/XRAY011022.gif|?Origin: 22 Oct 1759 UT halo CME and X1.2/2B flare in AR 9672 at S18E16; travel time 62 hours
2001-10-28 02:33:00|4|2001-10-25 15:02:00|X1.3|57.5|http://umtof.umd.edu/pm/fig011028.gif|http://umtof.umd.edu/sem/XRAY011025.gif|?Origin: 25 Oct 1502 UT halo CME and X1.3/2B flare in AR 9672 at S16W21; travel time 57.5 hours
2001-10-31 12:49:00|4|2001-10-29 11:13:00|M3.6|49.5|http://umtof.umd.edu/pm/fig011031.gif||??Origin: 29 Oct 1113 UT M3.6/1F flare in AR9682 at N12E25; travel time 49.5 hours
2001-11-06 01:20:00||2001-11-04 16:20:00|X1.0|33|http://umtof.umd.edu/pm/fig011106.gif|http://umtof.umd.edu/sem/XRAY011104.gif|?Origin: 04 Nov 1620 UT CME and X1.0/3B flare in AR 9684 at N06W18; travel time 33 hours. Note this plot uses 5-min averages to overcome the large energetic particle background (the largest yet observed since SOHO's launch). The time of shock passage is much better determined from one of the rates in the main MTOF sensor.
2001-11-15 13:45:00|1||||http://umtof.umd.edu/pm/fig011115.gif||
2001-11-19 17:34:00|4|2001-11-17 05:25:00|M2.8|60|http://umtof.umd.edu/pm/fig011119.gif||??Origin: 17 Nov 0525 UT full halo CME with M2.8/1N flare in AR 9704 at S13E42; travel time 60 hours
2001-11-24 05:33:00|4|2001-11-22 23:30:00|M9.9|30|http://umtof.umd.edu/pm/fig011124.gif|http://umtof.umd.edu/sem/XRAY011122.gif|????Origin: 22 Nov 2330 UT full halo CME with M9.9 flare in AR 9704; travel time 30 hours
2001-12-29 04:56:00|4|2001-12-26 05:40:00|M7.1|71|http://umtof.umd.edu/pm/fig011229.gif|http://umtof.umd.edu/sem/XRAY011226.gif|?Origin: 26 Dec 0540 UT partial halo CME with M7.1/1B flare in AR 9742 at N08W54; travel time 71 hours
2001-12-30 19:38:00|4|2001-12-28 20:45:00|X3.4|47|http://umtof.umd.edu/pm/fig011230.gif|http://umtof.umd.edu/sem/XRAY011228.gif|??Origin: 28 Dec 2045 UT X3.4 flare in AR 9767 at S20E97 with partial halo CME; travel time 47 hours
2002-01-10 15:52:00|0||||http://umtof.umd.edu/pm/fig020110.gif||???Origin?? The time of passage is better determined from one of the rates in the main MTOF sensor.
2002-01-17 05:51:00|1|2002-01-14 06:27:00|M4.4|71.5|http://umtof.umd.edu/pm/fig020117.gif|http://umtof.umd.edu/sem/XRAY020114.gif|?Origin: 14 Jan 0627 UT M4.4 flare in AR 9767 at S18W115; travel time 71.5 hours.
2002-01-31 20:44:00|4||||http://umtof.umd.edu/pm/fig020131.gif||
2002-02-17 01:56:00|3||||http://umtof.umd.edu/pm/fig020217.gif||
2002-02-28 03:49:00|3|2002-02-24 14:47:00|C4.4|85|http://umtof.umd.edu/pm/fig020228.gif|http://umtof.umd.edu/sem/XRAY020224.gif|?Origin: 24 Feb 1447 UT C4.4 flare in AR 9841 at S18W44; travel time 85 hours.
2002-03-15 18:01:00|2|2002-03-12 23:13:00|M1.5|67|http://umtof.umd.edu/pm/fig020315.gif|http://umtof.umd.edu/sem/XRAY020312.gif|?Origin: 12 Mar 2313 UT M1.5/SF flare in AR 9871 at S22E93; travel time 67 hours.
2002-03-18 12:33:00|4|2002-03-15 23:10:00|M2.2|61.5|http://umtof.umd.edu/pm/fig020318.gif|http://umtof.umd.edu/sem/XRAY020315.gif|?Origin: 15 Mar 2310 UT M2.2/1F flare in AR 9866 at S08W03; travel time 61.5 hours.
2002-03-20 13:05:00|3|2002-03-18 02:31:00|M1.0|58.5|http://umtof.umd.edu/pm/fig020320.gif|http://umtof.umd.edu/sem/XRAY020318.gif|?Origin: 18 Mar 0231 UT M1.0 flare in AR 9866 at S10W40; travel time 58.5 hours. The time of the shock passage is better determined from one of the rates in t he main MTOF sensor.
2002-03-22 03:23:00|2||||http://umtof.umd.edu/pm/fig020322.gif||
2002-03-23 10:47:00|4||||http://umtof.umd.edu/pm/fig020323.gif||
2002-03-25 00:58:00|20|2002-03-22 11:14:00|M1.6|62|http://umtof.umd.edu/pm/fig020325.gif|http://umtof.umd.edu/sem/XRAY020322.gif|?Origin: 22 Mar 1114 UT M1.6 flare; travel time 62 hours. The time of the shock passage is better determined from one of the rates in the main MTOF sensor.
2002-03-29 21:27:00|3||||http://umtof.umd.edu/pm/fig020329.gif||
2002-04-17 10:13:00|4|2002-04-15 03:55:00|M1.2|54|http://umtof.umd.edu/pm/fig020417.gif|http://umtof.umd.edu/sem/XRAY020415.gif|?Origin: 15 Apr 0355 UT M1.2 flare; in AR 9906 at S15W01; travel time 54 hours.
2002-04-19 07:58:00|4|2002-04-17 08:24:00|M2.6|47.5|http://umtof.umd.edu/pm/fig020419.gif|http://umtof.umd.edu/sem/XRAY020417.gif|??Origin: 17 Apr 0824 UT M2.6/2N flare in AR 9906 at S14W34 with a full halo CME; travel time 47.5 hours
2002-04-23 04:08:00|4|2002-04-21 01:51:00|X1.5|50.5|http://umtof.umd.edu/pm/fig020423.gif|http://umtof.umd.edu/sem/XRAY020421.gif|??Origin: 21 Apr 0151 UT X1.5/1F flare in AR 9906 at S14W84 with a partial halo CME and a moderately large energetic particle event; travel time 50.5 hours
2002-05-10 10:29:00|4|2002-05-07 03:46:00|M1.4|78.5|http://umtof.umd.edu/pm/fig020510.gif|http://umtof.umd.edu/sem/XRAY020507.gif|??Origin: 7 May 0346 UT M1.4 flare in AR 9937 at S10E27 with a halo CME; travel time 78.5 hours
2002-05-11 09:16:00|3||||http://umtof.umd.edu/pm/fig020511.gif||
2002-05-18 19:29:00|4|2002-05-16 00:11:00|C4.5|67|http://umtof.umd.edu/pm/fig020518.gif||??Origin: 16 May 0011 UT C4.5 fl are in AR 9948 at S22E14 with a halo CME; travel time 67 hours
2002-05-20 02:56:00|3|2002-05-17 07:54:00|M1.5|67|http://umtof.umd.edu/pm/fig020520.gif|http://umtof.umd.edu/sem/XRAY020517.gif|???Origin: 17 May 0754 UT M1.5 flare near AR 9957 at ~N07E90; travel time 67 hours
2002-05-23 10:17:00|4|2002-05-20 15:27:00|X2.1|67|http://umtof.umd.edu/pm/fig020523.gif|http://umtof.umd.edu/sem/XRAY020520.gif|???Origin: 20 May 1527 UT X2.1/2N flare in AR 9961 at S21E65 with a partial halo CME; travel time 67 hours
2002-05-30 01:25:00|2||||http://umtof.umd.edu/pm/fig020530.gif||
2002-07-17 15:29:00|4|2002-07-15 20:08:00|X3.0|43.5|http://umtof.umd.edu/pm/fig020717.gif|http://umtof.umd.edu/sem/XRAY020715.gif|?Origin: 15 Jul 2008 UT X3.0/3B flare in AR 0030 at N19W01; travel time 43.5 hours
2002-07-19 09:36:00|4|2002-07-17 07:13:00|M8.5|50.5|http://umtof.umd.edu/pm/fig020719.gif|http://umtof.umd.edu/sem/XRAY020717.gif|?Origin: 17 Jul 0713 UT M8.5/1B flare in AR 0030 at N21W17; travel time 50.5 hours. A possible second shock, detected about 5 hours later, and a subsequent density rarefaction are shown in this overview plot.
2002-07-25 13:03:00|20|2002-07-23 00:35:00|X4.8|60.5|http://umtof.umd.edu/pm/fig020725.gif|http://umtof.umd.edu/sem/XRAY020723.gif|?Origin: 23 Jul 0035 UT X4.8/2B flare in AR 0039 at S13E72; travel time 60.5 hours
2002-07-29 12:44:00|4|2002-07-26 21:12:00|M8.7|63.5|http://umtof.umd.edu/pm/fig020729.gif|http://umtof.umd.edu/sem/XRAY020726.gif|?Origin: 26 Jul 2112 UT M8.7/2N flare in AR0044 at S19E26 with a full halo CME; travel time 63.5 hours
2002-08-01 04:45:00|3|2002-07-29 02:38:00|M4.8|74|http://umtof.umd.edu/pm/fig0208010445.gif|http://umtof.umd.edu/sem/XRAY020729.gif|??Origin: 29 Jul 0238 UT M4.8/1F flare in AR0044 at S21W12 with a partial halo CME; travel time 74 hours
2002-08-01 22:31:00|4||||http://umtof.umd.edu/pm/fig0208012231.gif||
2002-08-18 18:16:00|4|2002-08-16 12:32:00|M5.2|54|http://umtof.umd.edu/pm/fig020818.gif|http://umtof.umd.edu/sem/XRAY020816.gif|???Origin: 16 Aug 1232 UT M5.2/2N flare in AR0069 at S14E20 with a full halo CME; travel time 54 hours
2002-08-26 10:20:00|4|2002-08-24 01:12:00|X3.1|57|http://umtof.umd.edu/pm/fig020826.gif|http://umtof.umd.edu/sem/XRAY020824.gif|?Origin: 24 Aug 0112 UT X3.1/1F flare in AR0069 at S02W81 with a large CME; travel time 57 hours
2002-09-07 15:54:00|4|2002-09-05 17:06:00|C5.2|47|http://umtof.umd.edu/pm/fig020907.gif|http://umtof.umd.edu/sem/XRAY020905.gif|???Origin: 05 Sep 1706 UT C5.2/SF flare/disappearing filament in AR0102 at N09W28 with a full halo CME; travel time 47 hours
2002-09-17 21:42:00|1|2002-09-15 17:38:00|M1.0|53|http://umtof.umd.edu/pm/fig206a.gif|http://umtof.umd.edu/sem/XRAY020915.gif|???Origin: 15 Sep 1738 UT M1.0/SF flare in AR 0105 at S05W29; travel time 53 hours
2002-09-30 07:13:00|1|2002-09-27 13:12:00|M1.8|66|http://umtof.umd.edu/pm/fig020930.gif|http://umtof.umd.edu/sem/XRAY020927.gif|???Origin: 27 Sep 1312 UT M1.8/SF flare in AR 0134 at N13E45; travel time 66 hours
2002-10-02 09:50:00|1||||http://umtof.umd.edu/pm/fig0210020950.gif||possible reverse shock
2002-10-02 22:08:00||2002-09-30 04:22:00|C2.1|66|http://umtof.umd.edu/pm/fig0210022208.gif|http://umtof.umd.edu/sem/XRAY020930.gif|???Origin: 30 Sep 0422 UT C2.1/SF flare in AR 0134 at N11E10; travel time 66 hours
2002-11-09 17:56:00||2002-11-06 05:32:00|C7.2|84.5|http://umtof.umd.edu/pm/fig021109.gif|http://umtof.umd.edu/sem/XRAY021106.gif|???Origin: 06 Nov 0532 UT C7.2/SF flare in AR 0180 at S13E13; travel time 84.5 hours
2002-11-26 21:21:00|4|2002-11-24 20:29:00|C6.4|49|http://umtof.umd.edu/pm/fig021126.gif|http://umtof.umd.edu/sem/XRAY021124.gif|???Origin: 24 Nov 2029 UT C6.4/SF flare in AR 0198 at S17W37 with a possible full halo CME; travel time 49 hours
2002-12-19 13:32:00|||||http://umtof.umd.edu/pm/fig021219.png||possible slow shock
2002-12-19 19:08:00|1||||http://umtof.umd.edu/pm/fig021219.gif||possible reverse shock
2002-12-24 13:18:00|1|2002-12-22 02:52:00|M1.1|58.5|http://umtof.umd.edu/pm/fig021224.gif|http://umtof.umd.edu/sem/XRAY021222.gif|???Origin: 22 Dec 0252 UT M1.1/2F flare in AR 0223 at N23W42; travel time 58.5 hours
2003-01-19 03:36:00|2||||http://umtof.umd.edu/pm/fig030119.gif||also visible in the main sensor rates
2003-01-27 16:36:00|1||||http://umtof.umd.edu/pm/fig030127.gif||also visible in the main sensor rates
2003-02-14 17:39:00|2|2003-02-12 01:51:00|C8.9|64|http://umtof.umd.edu/pm/fig030214.gif|http://umtof.umd.edu/sem/XRAY030212.gif|???Origin: 12 Feb 0151 UT C8.9/1F flare in AR0280 at S05W43; travel time 64 hours
2003-02-27 13:23:00|||||http://umtof.umd.edu/pm/fig030227.gif||possible reverse shock
2003-03-03 06:17:00|1||||http://umtof.umd.edu/pm/fig030303.gif||
2003-03-11 15:46:00|1||||http://umtof.umd.edu/pm/fig030311.gif||
2003-03-20 04:21:00|||||http://umtof.umd.edu/pm/fig030320.png||
2003-04-08 00:04:00|2|2003-04-04 20:19:00|M1.9|76|http://umtof.umd.edu/pm/fig030408.gif|http://umtof.umd.edu/sem/XRAY030404.gif|???Origin: 04 Apr 2019 UT M1.9/SF flare in AR0324 at N08W65; travel time 76 hours
2003-04-24 18:19:00|2|2003-04-21 13:07:00|M2.8|77|http://umtof.umd.edu/pm/fig030424.gif|http://umtof.umd.edu/sem/XRAY030421.gif|????Origin: 21 Apr 1307 UT M2.8/1N flare in AR0338 at N18E02; travel time 77 hours
2003-05-09 04:49:00|1||||http://umtof.umd.edu/pm/fig030509.gif||also visible in the main sensor rates
2003-05-29 11:52:00|3|2003-05-27 23:07:00|X1.3|37|http://umtof.umd.edu/pm/fig0305291152.gif|http://umtof.umd.edu/sem/XRAY030527.gif|???Origin: 27 May 2307 UT X1.3/2B flare in AR0365 at S07W17; travel time 37 hours
2003-05-29 18:36:00|3|2003-05-28 00:27:00|X3.6|42|http://umtof.umd.edu/pm/fig0305291836.gif|http://umtof.umd.edu/sem/XRAY030527.gif|???Origin: 28 May 0027 UT X3.6 flare in AR0365; travel time 42 hours
2003-05-30 16:02:00|4|2003-05-29 01:05:00|X1.2|39|http://umtof.umd.edu/pm/fig030530.gif|http://umtof.umd.edu/sem/XRAY030529.gif|???Origin: 29 May 0105 UT X1.2/2B flare in AR0365 at S06W37; travel time 39 hours
2003-06-18 04:44:00|2|2003-06-15 23:56:00|X1.3|53|http://umtof.umd.edu/pm/fig030618.gif|http://umtof.umd.edu/sem/XRAY030615.gif|????Origin: 15 Jun 2356 UT X1.3 flare in AR0386 at S07E80 with a full halo CME; travel time 53 hours
2003-06-20 08:04:00|1|2003-06-17 22:55:00|M6.8|57|http://umtof.umd.edu/pm/fig030620.gif|http://umtof.umd.edu/sem/XRAY030617.gif|???Origin: 17 Jun 2255 UT M6.8 flare in AR0386 at S07E55 with a full halo CME; travel time 57 hours
2003-07-14 10:42:00|||||http://umtof.umd.edu/pm/fig030714.gif||possible weak shock
2003-07-17 00:13:00|10||||http://umtof.umd.edu/pm/fig030717.gif||possible reverse shock
2003-07-27 04:42:00|||||http://umtof.umd.edu/pm/fig030727.gif||possible CIR-related reverse shock
2003-08-17 13:38:00|||||http://umtof.umd.edu/pm/fig030817.gif||
2003-10-24 14:47:00|4|2003-10-22 09:56:00|M1.7|53|http://umtof.umd.edu/pm/fig031024.gif|http://umtof.umd.edu/sem/XRAY031022.gif|????Origin: 22 Oct 0956 UT M1.7 flare in AR0484 at S02E22; travel time 53 hours
2003-10-26 07:49:00|3||||http://umtof.umd.edu/pm/fig0310260749.gif||
2003-10-26 18:35:00|20|2003-10-23 08:35:00|X5.4|82|http://umtof.umd.edu/pm/fig0310261835.gif|http://umtof.umd.edu/sem/XRAY031023.gif|????Origin: 23 Oct 0835 UT X5.4 flare in AR0486 with a 1B optical flare at S21E88 and a full halo CME; travel time 82 hours
2003-11-04 05:53:00|4|2003-11-02 17:25:00|X8.3|36.5|http://umtof.umd.edu/pm/fig031104.gif|http://umtof.umd.edu/sem/XRAY031102.gif|??Origin: 02 Nov 1725 UT X8.3 flare in AR0486 with a 2B LDE flare at S14W56 and a full halo CME; travel time 36.5 hours
2003-11-06 18:56:00|2|2003-11-04 19:53:00|X17.4|47|http://umtof.umd.edu/pm/fig031106.gif|http://umtof.umd.edu/sem/XRAY031104.gif|?Origin: 04 Nov 1953 UT X17.4 flare in AR0486 with a 3B optical flare at S19W83 and a full halo CME; travel time 47 hours. This X28 flare may have been the largest X-ray event since observations began in 1976.
2003-11-15 05:27:00||2003-11-13 09:29:00|M1.4|44|http://umtof.umd.edu/pm/fig031115.gif|http://umtof.umd.edu/sem/XRAY031113.gif|?Origin: 13 Nov 0929 UT M1.4 flare in AR0501 at N01E90; travel time 44 hours; see SOHO/EIT difference image and Lasco movie
2003-11-20 07:28:00|4|2003-11-18 07:52:00|M3.2|47.5|http://umtof.umd.edu/pm/fig031120.gif|http://umtof.umd.edu/sem/XRAY031118.gif|?Origin: 18 Nov 0752 UT M3.2 flare in AR0501 with a 2N optical flare at N00E18 and a full halo CME; travel time 47.5 hours.
2003-11-22 09:59:00|0|2003-11-20 07:47:00|M9.6|50|http://umtof.umd.edu/pm/fig031122.gif|http://umtof.umd.edu/sem/XRAY031120.gif|???Origin: 20 Nov 0747 UT M9.6 flare in AR0501 with a 2B optical flare at N01W08 and a halo CME; travel time 50 hours.
2003-12-07 14:01:00|3|||53|http://umtof.umd.edu/pm/fig031207.gif||????Origin: Disappearing Filament 5 Dec &gt;0915 UT from AR0516, S15W14, travel time &lt; 53 hours.
2004-01-06 19:24:00|1||||http://umtof.umd.edu/pm/fig040106.gif||
2004-01-22 01:10:00|4|2004-01-20 07:43:00|M6.1|41.5|http://umtof.umd.edu/pm/fig040122.gif|http://umtof.umd.edu/sem/XRAY040120.gif|????Origin: 20 Jan 0743 M6.1 flare in AR0540 with a 2N optical flare at S16W12; travel time 41.5 hours.
2004-04-03 08:49:00|3||||http://umtof.umd.edu/pm/fig040403.gif||???
2004-04-09 01:47:00|3|2004-04-06 13:28:00|M2.4|60.5|http://umtof.umd.edu/pm/fig040409.gif|http://umtof.umd.edu/sem/XRAY040406.gif|????Origin: 06 Apr 1328 M2.4 flare in AR0588 with a sub optical flare at S18E15; travel time 60.5 hours.
2004-04-10 19:25:00|4|2004-04-08 10:19:00|C7.4|57|http://umtof.umd.edu/pm/fig040410.gif|http://umtof.umd.edu/sem/XRAY040408.gif|????Origin: 08 Apr 1019 C7.4 flare in AR0588 with a sub optical flare at S15W11 and a full halo CME; travel time 57 hours.
2004-04-12 17:35:00|4|2004-04-11 04:19:00|C9.6|37.5|http://umtof.umd.edu/pm/fig040412.gif|http://umtof.umd.edu/sem/XRAY040411.gif|????Origin: 11 Apr 0419 C9.6 flare in AR0588 with a 1F optical flare at S16W46 and a full halo CME; travel time 37.5 hours.
2004-07-22 09:45:00|4|2004-07-20 12:32:00|M8.6|45|http://umtof.umd.edu/pm/fig040722.gif|http://umtof.umd.edu/sem/XRAY040720.gif|????Origin: 20 Jul 1232 M8.6 flare in AR0652 with a 3B optical flare at N11E34; travel time 45 hours.
2004-07-26 22:28:00|4|2004-07-25 15:14:00|M1.1|31|http://umtof.umd.edu/pm/fig040726.gif|http://umtof.umd.edu/sem/XRAY040725.gif|????Origin: 25 Jul 1514 M1.1 flare in AR0652 with a 1F optical flare at N08W33 and a full halo CME; travel time 31 hours.
2004-07-30 20:41:00|3||||http://umtof.umd.edu/pm/fig040730.gif||
2004-08-01 02:02:00|20||||http://umtof.umd.edu/pm/fig040801.gif||
2004-08-29 09:20:00|3||||http://umtof.umd.edu/pm/fig040829.gif||
2004-09-13 19:29:00|4|2004-09-12 00:56:00|M4.8|42.5|http://umtof.umd.edu/pm/fig040913.gif|http://umtof.umd.edu/sem/XRAY040812.gif|????Origin: 12 Sep 0056 M4.8 flare in AR0672 with a 2N optical flare at N03E49; travel time 42.5 hours.
2004-11-07 02:22:00|2|2004-11-04 22:29:00|M2.5|52|http://umtof.umd.edu/pm/fig0411070222.gif|http://umtof.umd.edu/sem/XRAY041104.gif|????Origin: 04 Nov 2229 M2.5 flare in AR0696; travel time 52 hours
2004-11-07 10:22:00|4|2004-11-05 11:30:00|M4.0|47|http://umtof.umd.edu/pm/fig0411071022.gif|http://umtof.umd.edu/sem/XRAY041105.gif|????Origin: 05 Nov 1130 M4.0 flare in AR0696 with a 1F optical flare at N08E15; travel time 47 hours.
2004-11-07 17:59:00|4|2004-11-06 00:34:00|M9.3|41.5|http://umtof.umd.edu/pm/fig0411071759.gif|http://umtof.umd.edu/sem/XRAY041106.gif|????Origin: 06 Nov 0034 M9.3 flare in AR0696 with a 2N optical flare at N10E08; travel time 41.5 hours.
2004-11-09 09:05:00|3|2004-11-07 16:06:00|X2.0|41|http://umtof.umd.edu/pm/fig0411090905.gif|http://umtof.umd.edu/sem/XRAY041107.gif|????Origin: 07 Nov 1606 X2.0 flare in AR0696 with a full halo CME; travel time 41 hours.
2004-11-09 18:24:00|4|2004-11-08 03:29:00|C7.9|39|http://umtof.umd.edu/pm/fig0411091824.gif|http://umtof.umd.edu/sem/XRAY041108.gif|????Origin: 08 Nov 0329 C7.9 flare in AR0696 with a sub optical flare at N08W28 and a full halo CME; travel time 39 hours.
2004-11-21 01:00:00|1||||http://umtof.umd.edu/pm/fig041121.gif||nice reverse shock associated with a high speed stream. See this overview plot
2004-12-05 04:16:00|||||http://umtof.umd.edu/pm/fig273_0415.gif||no zone, a small forward shock
2004-12-05 07:04:00|4|2004-12-03 00:06:00|M1.5|55|http://umtof.umd.edu/pm/fig041205.gif|http://umtof.umd.edu/sem/XRAY041202.gif|??Origin: 03 Dec 0006 M1.5 flare in AR0708 with a full halo CME; travel time 55 hours.
2004-12-11 13:03:00|0|2004-12-08 19:59:00|C2.5|65|http://umtof.umd.edu/pm/fig041211.gif|http://umtof.umd.edu/sem/XRAY041208.gif|??Origin: 08 Dec 1959 C2.5 flare in AR0709 with a sub optical flare at N05W03 and a full halo CME; travel time 65 hours.
2005-01-21 16:48:00|4|2005-01-20 07:01:00|X7.1|34|http://umtof.umd.edu/pm/fig050121.gif|http://umtof.umd.edu/sem/XRAY050120.gif|?Origin: 20 Jan 0701 X7.1 flare in AR0720 with a 2B optical flare at N12W58 and a CME; travel time 34 hours.
2005-02-17 21:59:00|2||||http://umtof.umd.edu/pm/fig050217.gif||
2005-03-25 16:41:00|1||||http://umtof.umd.edu/pm/fig050325.gif||nice reverse shock
2005-04-05 02:45:00|1||||http://umtof.umd.edu/pm/fig050405.gif||CIR related reverse shock
2005-05-01 07:51:00|1||||http://umtof.umd.edu/pm/fig050501.png||reverse shock
2005-05-15 02:19:00|4|2005-05-13 16:57:00|M8.0|33.5|http://umtof.umd.edu/pm/fig050515.gif|http://umtof.umd.edu/sem/XRAY050513.gif|Origin: 13 May 1657 M8.0 flare in AR 0759 with a 2B optical flare at N12E12 and a full halo CME; travel time 33.5 hours.
2005-05-28 03:48:00|2||||http://umtof.umd.edu/pm/fig050528.gif||
2005-05-29 09:15:00|3|2005-05-26 14:20:00|B7.5|67|http://umtof.umd.edu/pm/fig050529.gif|http://umtof.umd.edu/sem/XRAY050526.gif|??Origin: 26 May 1420 B7.5 flare in AR 0767 at S09E14 (approx.) with a full halo CME; travel time 67 hours
2005-06-12 06:59:00|3||||http://umtof.umd.edu/pm/fig050612.gif||
2005-07-10 02:56:00|3|2005-07-07 16:29:00|M4.9|58.5|http://umtof.umd.edu/pm/fig050710.gif|http://umtof.umd.edu/sem/XRAY050707.gif|??Origin: 07 Jul 1629 M4.9 x-ray flare in AR0786 with a SN optical flare at N09E03 and an asymmetric full halo CME; travel time 58.5 hours
2005-07-17 01:23:00||2005-07-14 11:20:00|X1.2|62|http://umtof.umd.edu/pm/fig050717.gif|http://umtof.umd.edu/sem/XRAY050714.gif|??Origin: 14 Jul 1120 X1.2 LDE x-ray flare in AR0786 at N11W90 with an asymmetric full halo CME; travel time 62 hours
2005-07-27 18:43:00|2||||http://umtof.umd.edu/pm/fig050727.gif||
2005-08-01 06:09:00|2|2005-07-30 06:35:00|X1.3|47.5|http://umtof.umd.edu/pm/fig050801.gif|http://umtof.umd.edu/sem/XRAY050730.gif|??Origin: 30 Jul 0635 X1.3 x-ray flare in AR0792 at with a 2B optical flare at N12E61; travel time 47.5 hours
2005-08-24 05:34:00|4|2005-08-22 17:11:00|M5.6|36.5|http://umtof.umd.edu/pm/fig050824.gif|http://umtof.umd.edu/sem/XRAY050822.gif|??Origin: 22 Aug 1711 M5.6 x-ray flare in AR0798 with a 1N optical flare at S13W65; travel time 36.5 hours
2005-09-02 13:32:00|3|||99.5|http://umtof.umd.edu/pm/fig050902.gif||???Origin: 29 Aug 1000 backside halo CME at S15W150 (based on SOHO helioseismology information); travel time 99.5 hours
2005-09-09 13:10:00|4|2005-09-07 17:40:00|X17.0|43.5|http://umtof.umd.edu/pm/fig050909.gif|http://umtof.umd.edu/sem/XRAY050907.gif|??Origin: 07 Sep 1740 X17.0 x-ray flare in AR0808 at with a 3B optical flare at S06E89; travel time 43.5 hours
2005-09-11 00:49:00|3|2005-09-09 09:59:00|X3.6|39|http://umtof.umd.edu/pm/fig050911.gif|http://umtof.umd.edu/sem/XRAY050909.gif|????Origin: 09 Sep 0959 X3.6 x-ray flare in AR0808 at S11E66, also visible in the main sensor rates; travel time 39 hours
2005-09-15 08:25:00||2005-09-13 19:27:00|X1.5|37|http://umtof.umd.edu/pm/fig050915.gif|http://umtof.umd.edu/sem/XRAY050913.gif|???Origin: 13 Sep 1927 X1.5 x-ray flare in AR0808 with a 2B optical flare at S09E10; travel time 37 hours
2005-10-08 06:32:00|1||||http://umtof.umd.edu/pm/fig051008.gif||reverse shock
2006-01-01 13:35:00|3||||http://umtof.umd.edu/pm/fig060101.gif||
2006-04-13 11:42:00|||||http://umtof.umd.edu/pm/fig060413.gif||
2006-04-28 00:20:00|2||||http://umtof.umd.edu/pm/fig060428.gif||
2006-07-09 21:04:00|4|2006-07-06 08:36:00|M2.5|84.5|http://umtof.umd.edu/pm/fig060709.gif|http://umtof.umd.edu/sem/XRAY060706.gif|??Origin: 06 Jul 0836 M2.5 x-ray flare in AR0898 with a 2F optical flare at S11W32 and a possible partial halo CME; travel time 84.5 hours
2006-08-15 16:26:00|2||||http://umtof.umd.edu/pm/fig060815.gif||
2006-08-18 15:42:00|4|2006-08-16 16:17:00|C3.6|47.5|http://umtof.umd.edu/pm/fig060818.gif|http://umtof.umd.edu/sem/XRAY060816.gif|???Origin: 16 Aug 1617 C3.6 x-ray flare in AR0904 with a sub-optical flare at S14W13 and a halo CME; travel time 47.5 hours
2006-08-19 10:39:00|||||http://umtof.umd.edu/pm/fig060819.gif||no zone
2006-09-24 06:03:00|1||||http://umtof.umd.edu/pm/fig060924.png||reverse shock
2006-10-01 08:42:00|1||||http://umtof.umd.edu/pm/fig061001.png||reverse shock
2006-12-08 04:11:00|3|2006-12-06 18:47:00|X6.5|33.5|http://umtof.umd.edu/pm/fig061208.gif|http://umtof.umd.edu/sem/XRAY061206.gif|??Origin: 06 Dec 1847 X6.5 x-ray flare in AR0930 with a 3B optical flare at S06E63; travel time 33.5 hours
2006-12-14 13:57:00|4|2006-12-13 02:40:00|X3.4|35.5|http://umtof.umd.edu/pm/fig061214.gif|http://umtof.umd.edu/sem/XRAY061213.gif|?Origin: 13 Dec 0240 X3.4 x-ray flare in AR0930 with a 4B optical flare at S06W24 and a halo CME; travel time 35.5 hours
2006-12-16 17:43:00|0|2006-12-14 22:15:00|X1.5|43.5|http://umtof.umd.edu/pm/fig061216.gif|http://umtof.umd.edu/sem/XRAY061214.gif|??Origin: 14 Dec 2215 X1.5 x-ray flare in AR0930 with a potentially asymmetric full halo CME; travel time 43.5 hours
2007-05-07 07:49:00|3||||http://umtof.umd.edu/pm/fig070507.gif||CIR forward shock
2007-09-20 09:26:00|3||||http://umtof.umd.edu/pm/fig070920.gif||possible CIR forward shock
2007-09-27 10:52:00|2||||http://umtof.umd.edu/pm/fig070927.gif||possible CIR forward shock
2007-10-25 10:56:00|4||||http://umtof.umd.edu/pm/fig071025.gif||possible CIR forward shock
2007-11-12 21:37:00|0||||http://umtof.umd.edu/pm/fig071112.gif||
2007-12-17 02:02:00|3||||http://umtof.umd.edu/pm/fig071217.gif||
2008-05-28 01:32:00|4||||http://umtof.umd.edu/pm/fig080528.gif||
2008-06-24 19:08:00|||||http://umtof.umd.edu/pm/fig080624.gif||
2008-11-24 22:47:00|4||||http://umtof.umd.edu/pm/fig081124.png||
2009-01-14 00:05:00|3||||http://umtof.umd.edu/pm/fig090114.gif||
2009-03-03 04:53:00|||||http://umtof.umd.edu/pm/fig090303.gif||
2009-05-28 04:21:00|4||||http://umtof.umd.edu/pm/fig090528.gif||
2009-06-24 09:45:00|||||http://umtof.umd.edu/pm/fig090624.png||
2009-09-03 14:54:00|4||||http://umtof.umd.edu/pm/fig090903.png||
2009-10-04 03:15:00|||||http://umtof.umd.edu/pm/fig091004.gif||
2009-10-21 23:25:00|4||||http://umtof.umd.edu/pm/fig091021.gif||
2010-02-15 17:28:00|3|2010-02-12 11:26:00|M8.3|78|http://umtof.umd.edu/pm/fig100215.png||?Origin: 12 Feb 1126 UT M8.3 x-ray flare in AR1046 with a 1N optical flare at N26E11 and a asymmetric halo CME; travel time 78 hours.
2010-04-02 06:45:00|3||||http://umtof.umd.edu/pm/fig100402.png||
2010-04-05 08:00:00|4||||http://umtof.umd.edu/pm/fig100405.png||
2010-04-11 12:18:00|3||||http://umtof.umd.edu/pm/fig100411.png||???Origin: 8 April, 0230 UT B3.7 x-ray flare in AR 1060 with a full halo CME
2010-08-03 16:51:00|4||||http://umtof.umd.edu/pm/fig100803.png||????Origin: 1 August full halo CME
2011-02-14 15:02:00|4||||http://umtof.umd.edu/pm/fig110214.png||
2011-02-18 00:40:00|4|2011-02-15 01:56:00|X2.2|71|http://umtof.umd.edu/pm/fig110218.png|http://umtof.umd.edu/sem/XRAY110215.png|?Origin: 15 Feb 0156 UT X2.2 x-ray flare in AR1158 with a halo CME; travel time 71 hours.
2011-03-10 05:45:00|4|2011-03-07 19:43:00|M3.7|58|http://umtof.umd.edu/pm/fig110310.png|http://umtof.umd.edu/sem/XRAY110307.png|??Origin: 07 Mar 1943 UT M3.7 x-ray flare in AR1164 with an optical flare at N24W58 and a halo CME; travel time 58 hours.
2011-03-29 15:13:00|2||||http://umtof.umd.edu/pm/fig110329.png||
2011-04-08 18:21:00|2||||http://umtof.umd.edu/pm/fig110408.png||Possible slow forward shock?
2011-04-18 06:06:00|4|2011-04-15 17:02:00|M1.3|61|http://umtof.umd.edu/pm/fig110418.png|http://umtof.umd.edu/sem/XRAY110415.png|??Origin: 15 Apr 1702 UT M1.3 x-ray flare in AR1190 with an optical flare at N14W19; travel time 61 hours.
2011-06-04 19:44:00|4||||http://umtof.umd.edu/pm/fig110604.png||
2011-06-05 01:46:00|||||http://umtof.umd.edu/pm/fig110605.png||possible reverse shock
2011-06-10 08:11:00|3||||http://umtof.umd.edu/pm/fig110610.png||
2011-06-17 02:05:00|4|||68|http://umtof.umd.edu/pm/fig110617.png||??Origin: 14 Jun 0612 UT Partial halo CME; travel time 68 hours
2011-06-23 02:18:00|0|2011-06-21 01:22:00|C7.7|49|http://umtof.umd.edu/pm/fig110623.png||????Origin: 21 Jun 0122 UT C7.7 x-ray flare in AR1236 with an optical flare at N39W01 and a halo CME; travel time 49 hours.
2011-07-11 08:05:00|4||||http://umtof.umd.edu/pm/fig110711.png||
2011-08-04 21:10:00|4|2011-08-02 05:19:00|M1.4|64|http://umtof.umd.edu/pm/fig110804.png|http://umtof.umd.edu/sem/XRAY110802.png|???Origin: 02 Aug 0519 UT M1.4 x-ray flare in AR1261 with 1N optical flare at N14W15 and a halo CME; travel time 64 hours.
2011-08-05 17:23:00|4|2011-08-03 13:17:00|M6.0|52|http://umtof.umd.edu/pm/fig1108051723.png|http://umtof.umd.edu/sem/XRAY110803.png|???Origin: 03 Aug 1317 UT M6.0 x-ray flare in AR1261 with 2B optical flare at N16W30 and a halo CME; travel time 52 hours.
2011-08-05 18:32:00|4|2011-08-04 03:40:00|M9.3|39|http://umtof.umd.edu/pm/fig1108051832.png|http://umtof.umd.edu/sem/XRAY110804.png|???Origin: 04 Aug 0340 UT M9.3 x-ray flare in AR1261 with 2B optical flare at N19W36 and a full halo CME; travel time 39 hours.
2011-08-29 00:46:00|3||||http://umtof.umd.edu/pm/fig110829.png||
2011-09-09 11:49:00|3|2011-09-07 22:32:00|X1.8|37|http://umtof.umd.edu/pm/fig110909.png|http://umtof.umd.edu/sem/XRAY110907.png|????Origin: 07 Sep 2232 UT X1.8 x-ray flare in AR1283 with 3B optical flare at N14W28 and a partial halo CME; travel time 37 hours.
2011-09-10 22:08:00|1||||http://umtof.umd.edu/pm/fig110910.png||reverse shock, possibly associated with the forward shock of 9 Sep.
2011-09-17 03:05:00|4|||75|http://umtof.umd.edu/pm/fig110917.png||????Origin: 14 Sep 0000 UT partial halo CME, travel time 75 hours.
2011-09-25 11:12:00|4|2011-09-22 10:29:00|X1.4|73|http://umtof.umd.edu/pm/fig110925.png|http://umtof.umd.edu/sem/XRAY110922.png|????Origin: 22 Sep 1029 UT X1.4 x-ray flare in AR1302 with 2N optical flare at N13E78 and a halo CME, travel time 73 hours.
2011-09-26 12:02:00|4|2011-09-24 12:33:00|M7.1|47.5|http://umtof.umd.edu/pm/fig110926.png|http://umtof.umd.edu/sem/XRAY110924.png|???Origin: 24 Sep 1233 UT M7.1 x-ray flare in AR1302 (~ N13E58) and a halo CME, travel time 47.5 hours.
2011-09-29 00:27:00|0||||http://umtof.umd.edu/pm/fig110929.png||
2011-10-05 06:55:00|3||||http://umtof.umd.edu/pm/fig111005.png||
2011-10-24 17:50:00|4||||http://umtof.umd.edu/pm/fig111024.png||
2011-10-30 08:56:00|||||http://umtof.umd.edu/pm/fig111030.png||
2011-11-12 05:10:00|20|2011-11-09 13:04:00|M1.1|64|http://umtof.umd.edu/pm/fig111112.png||???Origin: 9 Nov 1304 UT M1.1 x-ray flare in AR1342 (N18E25) and a halo CME, travel time 64 hours.
2011-11-28 21:27:00|4|||63|http://umtof.umd.edu/pm/fig111128.png||???Origin: 26 Nov 0700 UT halo CME, travel time 63 hours.
2012-01-02 00:44:00|||||http://umtof.umd.edu/pm/fig120102.png||
2012-01-21 03:49:00|||||http://umtof.umd.edu/pm/fig120121.png||
2012-01-22 05:18:00|4|2012-01-19 13:44:00|M3.2|64|http://umtof.umd.edu/pm/fig120122.png|http://umtof.umd.edu/sem/XRAY120119.png|???Origin: 19 Jan 1344 UT M3.2 x-ray flare in AR1402 with an optical flare at N32E22 and a full halo CME, travel time 64 hours.
2012-01-24 14:33:00||2012-01-23 03:38:00|M8.7|35|http://umtof.umd.edu/pm/fig120124.png|http://umtof.umd.edu/sem/XRAY120123.png|???Origin: 23 Jan 0338 UT M8.7 x-ray flare in AR1402 with a full halo CME, travel time 35 hours.
2012-02-22 01:34:00|||||http://umtof.umd.edu/pm/fig120222.png||
2012-02-26 21:07:00|4|||65|http://umtof.umd.edu/pm/fig120226.png||???Origin: 24 Feb 0346 UT halo CME at N25E28, travel time 65 hours.
2012-03-07 03:47:00|4|2012-03-05 02:30:00|X1.1|49|http://umtof.umd.edu/pm/fig120307.png|http://umtof.umd.edu/sem/XRAY120305.png|????Origin: 05 Mar 0230 UT X1.1 x-ray flare in AR1429 with a 2B optical flare at N17E52 and a halo CME, travel time 49 hours.
2012-03-08 10:53:00|4|2012-03-07 00:02:00|X5.4|35|http://umtof.umd.edu/pm/fig120308.png|http://umtof.umd.edu/sem/XRAY120307.png|??Origin: 07 Mar 0002 UT X5.4 x-ray flare in AR1429 with a 3B optical flare at N17E27 and a halo CME, travel time 35 hours.
2012-03-11 12:52:00||2012-03-09 03:22:00|M6.3|57.5|http://umtof.umd.edu/pm/fig120311.png|http://umtof.umd.edu/sem/XRAY120309.png|??Origin: 09 Mar 0322 UT M6.3 x-ray flare in AR1429 at N17W03 and a halo CME, travel time 57.5 hours.
2012-03-12 08:45:00|4|2012-03-10 17:15:00|M8.4|35|http://umtof.umd.edu/pm/fig120312.png|http://umtof.umd.edu/sem/XRAY120310.png|??Origin: 10 Mar 1715 UT M8.4 x-ray flare in AR1429 N17W24 and a halo CME, travel time 35 hours.
2012-03-15 12:42:00|4|2012-03-13 17:12:00|M7.9|43.5|http://umtof.umd.edu/pm/fig120315.png|http://umtof.umd.edu/sem/XRAY120313.png|??Origin: 13 Mar 1712 UT M7.9 x-ray flare in AR1429 at N17W61 and an asymmetric halo CME, travel time 43.5 hours.
2012-03-24 11:14:00|||||http://umtof.umd.edu/pm/fig120324.png||possible reverse shock
2012-04-23 02:30:00|4||||http://umtof.umd.edu/pm/fig120423.png||
2012-05-03 00:59:00|||||http://umtof.umd.edu/pm/fig120503.png||
2012-05-20 01:44:00|1||||http://umtof.umd.edu/pm/fig120520.png||
2012-05-21 18:52:00|3||||http://umtof.umd.edu/pm/fig120521.png||
2012-06-16 08:52:00|3|2012-06-14 12:52:00|M1.9|44|http://umtof.umd.edu/pm/fig120616.png|http://umtof.umd.edu/sem/XRAY120614.png|???Origin: 14 Jun 1252 UT M1.9 x-ray flare in AR1504, travel time 44 hours.
2012-06-16 19:24:00|3||||http://umtof.umd.edu/pm/fig1206161924.png||shock at 1924 followed by a zone 2 shock at 2029
2012-07-14 17:27:00|4|2012-07-12 15:37:00|X1.4|50|http://umtof.umd.edu/pm/fig120714.png|http://umtof.umd.edu/sem/XRAY120712.png|???Origin: 12 Jul 1537 UT X1.4 x-ray flare in AR1520, travel time 50 hours.
2012-07-20 04:00:00|3||||http://umtof.umd.edu/pm/fig120720.png||
2012-07-21 15:25:00|||||http://umtof.umd.edu/pm/fig120721.png||small forward shock
2012-08-10 04:32:00|||||http://umtof.umd.edu/pm/fig120810.png||a possible small forward shock
2012-09-03 11:33:00|4||||http://umtof.umd.edu/pm/fig120903.png||
2012-09-04 22:12:00|3||||http://umtof.umd.edu/pm/fig120904.png||
2012-09-12 20:17:00|||||http://umtof.umd.edu/pm/fig120912.png||a small forward shock
2012-09-30 22:21:00|4|2012-09-27 23:36:00|C3.7|71|http://umtof.umd.edu/pm/fig120930.png|http://umtof.umd.edu/sem/XRAY120927.png|???Origin: 27 Sep 2336 UT C3.7 x-ray flare in AR1577 with a 1F optical flare at N06W34 and a halo CME, travel time 71 hours.
2012-10-08 04:31:00|30|2012-10-05 03:17:00|B7.8|73|http://umtof.umd.edu/pm/fig121008.png|http://umtof.umd.edu/sem/XRAY121005.png|???Origin: 05 Oct 0317 UT B7.8 x-ray flare in AR1584 with a partial halo CME, travel time 73 hours.
2012-10-31 14:46:00|4||||http://umtof.umd.edu/pm/fig121031.png||
2012-11-12 22:08:00|4||||http://umtof.umd.edu/pm/fig121112.png||
2012-11-23 21:22:00|4|2012-11-21 15:10:00|M3.5|54|http://umtof.umd.edu/pm/fig121123.png|http://umtof.umd.edu/sem/XRAY121121.png|???Origin: 21 Nov 1510 UT M3.5 x-ray flare in AR1618 with a flare at N08E01 and a halo CME, travel time 54 hours.
2012-11-26 04:32:00|2|||63|http://umtof.umd.edu/pm/fig121126.png||???Origin: 23 Nov 1336 UT filament at S37E16 leading to a halo CME, travel time 63 hours
2012-12-16 16:51:00|1||||http://umtof.umd.edu/pm/fig121216.png||
2013-01-19 16:34:00|3||||http://umtof.umd.edu/pm/fig130119.png||
2013-01-25 16:04:00|||||http://umtof.umd.edu/pm/fig130125.png||
2013-01-26 21:07:00|||||http://umtof.umd.edu/pm/fig130126.png||possible reverse shock
2013-02-13 00:37:00|||||http://umtof.umd.edu/pm/fig130213.png||possible small forward shock
2013-02-16 11:13:00|3||||http://umtof.umd.edu/pm/fig130216.png||
2013-03-15 04:46:00|3||||http://umtof.umd.edu/pm/fig130315.png||
2013-03-17 05:34:00|4||||http://umtof.umd.edu/pm/fig130317.png||
2013-04-13 22:24:00|4|2013-04-11 06:55:00|M6.5|63.5|http://umtof.umd.edu/pm/fig130413.png|http://umtof.umd.edu/sem/XRAY130411.png|??Origin: 11 Apr 0655 UT M6.5 x-ray flare in AR1719 with a 3B optical flare at N09E12 and a halo CME, travel time 63.5 hours.
2013-05-18 00:23:00|0|2013-05-15 01:25:00|X1.2|71|http://umtof.umd.edu/pm/fig130518.png|http://umtof.umd.edu/sem/XRAY130515.png|???Origin: 15 May 0125 UT X1.2 x-ray flare in AR1748 with a 2N optical flare at N12E64 and an asymmetric halo CME, travel time 71 hours.
2013-05-19 22:13:00|4|2013-05-17 08:43:00|M3.2|61.5|http://umtof.umd.edu/pm/fig130519.png|http://umtof.umd.edu/sem/XRAY130517.png|??Origin: 17 May 0843 UT M3.2 x-ray flare in AR1748 with a 2B optical flare at N12E57 and an asymmetric halo CME, travel time 61.5 hours.
2013-05-24 17:40:00|4|2013-05-22 13:08:00|M5.0|52|http://umtof.umd.edu/pm/fig130524.png|http://umtof.umd.edu/sem/XRAY130522.png|???Origin: 22 May 1308 UT M5.0 x-ray flare in AR1745 with a 3N optical flare at N15W70 and an asymmetric halo CME, travel time 52 hours.
2013-05-25 09:06:00|4||||http://umtof.umd.edu/pm/fig130525.png||
2013-05-31 15:32:00|3||||http://umtof.umd.edu/pm/fig130531.png||
2013-06-02 01:57:00|||||http://umtof.umd.edu/pm/fig130602.png||a possible reverse shock
2013-06-23 03:53:00|3|2013-06-21 02:30:00|M2.9|49|http://umtof.umd.edu/pm/fig130623.png|http://umtof.umd.edu/sem/XRAY130621.png|???Origin: 21 Jun 0230 UT M2.9 x-ray flare in AR1777 with a 1F optical flare at S16E73 and a CME, travel time 49 hours
2013-06-27 13:45:00|4||||http://umtof.umd.edu/pm/fig130627.png||
2013-07-09 19:58:00|2||||http://umtof.umd.edu/pm/fig130709.png||
2013-07-18 12:49:00|||||http://umtof.umd.edu/pm/fig130718.png||small forward shock
2013-08-20 21:43:00|3||||http://umtof.umd.edu/pm/fig130820.png||
2013-08-22 18:42:00|3||||http://umtof.umd.edu/pm/fig130822.png||
2013-08-24 00:03:00|||||http://umtof.umd.edu/pm/fig130824.png||a possible small forward shock
2013-10-02 01:25:00|4|2013-09-29 21:43:00|C1.2|52|http://umtof.umd.edu/pm/fig131002.png|http://umtof.umd.edu/sem/XRAY130929.png|??Origin: 29 Sep 2143 UT C1.2 x-ray flare and a Halo CME, travel time 52 hours
2013-10-08 19:51:00|4||||http://umtof.umd.edu/pm/fig131008.png||
2013-10-29 09:26:00|4||||http://umtof.umd.edu/pm/fig131029.png||
2013-12-08 07:26:00|||||http://umtof.umd.edu/pm/fig131208.png||possible reverse shock
2013-12-13 12:01:00|3||||http://umtof.umd.edu/pm/fig131213.png||
2014-01-07 14:24:00|3|2014-01-04 18:47:00|,|67.5|http://umtof.umd.edu/pm/fig140107.png|http://umtof.umd.edu/sem/XRAY140104.png|??Origin: 04 Jan 1847 UT, M4.0 x-ray flare with a type II CME, travel time 67.5 hours
2014-01-09 19:33:00|4|2014-01-07 18:04:00|,|49.5|http://umtof.umd.edu/pm/fig140109.png|http://umtof.umd.edu/sem/XRAY140107.png|??Origin: 07 Jan 1804 UT, X1.2 x-ray flare in AR1944 with a 2N optical flare at S12W12 and a Halo CME, travel time 49.5 hours
2014-02-07 16:28:00|3||||http://umtof.umd.edu/pm/fig140207.png||
2014-02-19 03:14:00|4||||http://umtof.umd.edu/pm/fig140219.png||
2014-02-20 02:58:00|4||||http://umtof.umd.edu/pm/fig140220.png||
2014-02-27 16:17:00|4|2014-02-25 00:39:00|,|63.5|http://umtof.umd.edu/pm/fig140227.png|http://umtof.umd.edu/sem/XRAY140225.png|??Origin: 25 Feb 0039 UT, X4.9 x-ray flare in AR1990 with a 2B optical flare at S12E82 and a Halo CME, travel time 63.5 hours
