time_start,time_peak,time_end,id_dimming,nimg,intensity,max_drop,lat_hg,long_hg,long_carr,rsun,nar,xray_class,url_dimming,url_flare
2015/01/01 08:40|2015/01/02 08:42|2015/01/02 09:06|3868|22|-28|43||||1.02|||http://solardemon.oma.be/science/dimmings.php?did=3868|
2015/01/02 21:34|2015/01/03 21:36|2015/01/03 22:12|3869|28|-32|10|||||12252||http://solardemon.oma.be/science/dimmings.php?did=3869|
2015/01/03 13:46|2015/01/04 13:46|2015/01/04 14:10|3870|21|-5|6|||||12253||http://solardemon.oma.be/science/dimmings.php?did=3870|
2015/01/04 00:18|2015/01/05 00:18|2015/01/05 00:48|3871|24|-43|56|2|20|32.22|0.35|12251||http://solardemon.oma.be/science/dimmings.php?did=3871|
2015/01/04 16:02|2015/01/05 16:02|2015/01/05 16:26|3872|21|0|1|||||12253|C9|http://solardemon.oma.be/science/dimmings.php?did=3872|http://solardemon.oma.be/science/flares.php?fid=7396
2015/01/04 18:14|2015/01/05 18:16|2015/01/05 18:40|3873|22|-1|1|||||12253||http://solardemon.oma.be/science/dimmings.php?did=3873|
2015/01/05 22:56|2015/01/06 22:56|2015/01/06 23:20|3874|21|0|2|||||12253||http://solardemon.oma.be/science/dimmings.php?did=3874|
2015/01/06 07:34|2015/01/07 07:34|2015/01/07 08:04|3875|24|-3|3|||||12253||http://solardemon.oma.be/science/dimmings.php?did=3875|
2015/01/06 17:34|2015/01/07 17:34|2015/01/07 18:02|3876|23|-48|37||||1.19||B6|http://solardemon.oma.be/science/dimmings.php?did=3876|http://solardemon.oma.be/science/flares.php?fid=7412
2015/01/06 21:34|2015/01/07 21:34|2015/01/07 21:58|3877|21|-21|47|9|-8|326.21|0.26|12255||http://solardemon.oma.be/science/dimmings.php?did=3877|
2015/01/08 19:28|2015/01/09 19:36|2015/01/09 20:04|3879|27|-71|47|10|20|329.02|0.41|12257||http://solardemon.oma.be/science/dimmings.php?did=3879|
2015/01/08 23:40|2015/01/09 23:40|2015/01/09 00:06|3880|22|-39|30|2|14|320.72|0.26|12257||http://solardemon.oma.be/science/dimmings.php?did=3880|
2015/01/09 06:46|2015/01/10 06:46|2015/01/10 07:10|3881|21|-33|9|10|19|321.82|0.40|12257||http://solardemon.oma.be/science/dimmings.php?did=3881|
2015/01/09 08:48|2015/01/10 08:48|2015/01/10 09:12|3882|21|-12|30|11|20|321.71|0.43|12257|C8|http://solardemon.oma.be/science/dimmings.php?did=3882|http://solardemon.oma.be/science/flares.php?fid=7421
2015/01/09 09:24|2015/01/10 09:26|2015/01/10 09:52|3883|23|-4|8|6|15|316.38|0.32|12257||http://solardemon.oma.be/science/dimmings.php?did=3883|
2015/01/10 02:52|2015/01/11 03:04|2015/01/11 03:48|3884|37|-137|98|13|32|323.79|0.59|12257|B5|http://solardemon.oma.be/science/dimmings.php?did=3884|http://solardemon.oma.be/science/flares.php?fid=7423
2015/01/10 13:00|2015/01/11 13:02|2015/01/11 13:30|3885|24|-24|12|||||12260||http://solardemon.oma.be/science/dimmings.php?did=3885|
2015/01/11 02:02|2015/01/12 02:40|2015/01/12 03:16|3886|46|-364|41|12|47|326.08|0.77|12257|C2|http://solardemon.oma.be/science/dimmings.php?did=3886|http://solardemon.oma.be/science/flares.php?fid=7425
2015/01/11 06:32|2015/01/12 06:48|2015/01/12 08:46|3887|76|-200|47|4|42|318.61|0.69|12257||http://solardemon.oma.be/science/dimmings.php?did=3887|
2015/01/11 09:48|2015/01/12 09:48|2015/01/12 10:14|3888|22|-82|13|16|54|328.82|0.85|12257||http://solardemon.oma.be/science/dimmings.php?did=3888|
2015/01/11 14:02|2015/01/12 14:22|2015/01/12 15:12|3889|44|-88|22|5|55|327.50|0.84|12257||http://solardemon.oma.be/science/dimmings.php?did=3889|
2015/01/11 17:10|2015/01/12 17:12|2015/01/12 17:36|3890|22|-53|46|5|60|330.78|0.88|12257||http://solardemon.oma.be/science/dimmings.php?did=3890|
2015/01/11 20:06|2015/01/12 20:06|2015/01/12 20:32|3891|22|-41|55|-11|58|327.17|0.86|12255||http://solardemon.oma.be/science/dimmings.php?did=3891|
2015/01/11 22:26|2015/01/12 22:38|2015/01/12 00:18|3892|65|-237|201|24|2|269.89|0.47|12258||http://solardemon.oma.be/science/dimmings.php?did=3892|
2015/01/12 00:52|2015/01/13 00:52|2015/01/13 01:16|3893|21|-24|26|||||12260||http://solardemon.oma.be/science/dimmings.php?did=3893|
2015/01/12 01:58|2015/01/13 01:58|2015/01/13 02:22|3894|21|-4|11|-1|34|299.95|0.57|12262|B4|http://solardemon.oma.be/science/dimmings.php?did=3894|http://solardemon.oma.be/science/flares.php?fid=7429
2015/01/12 04:40|2015/01/13 04:40|2015/01/13 05:08|3895|23|-11|6|9|24|288.47|0.47|12260|C5|http://solardemon.oma.be/science/dimmings.php?did=3895|http://solardemon.oma.be/science/flares.php?fid=7431
2015/01/12 06:40|2015/01/13 06:50|2015/01/13 07:24|3896|31|-46|132|-19|49|312.37|0.77|12255|B7|http://solardemon.oma.be/science/dimmings.php?did=3896|http://solardemon.oma.be/science/flares.php?fid=7432
2015/01/12 14:08|2015/01/13 15:26|2015/01/13 17:04|3897|97|-491|54|-11|68|327.27|0.93|12255||http://solardemon.oma.be/science/dimmings.php?did=3897|
2015/01/13 04:22|2015/01/14 04:34|2015/01/14 05:08|3898|32|-106|198||||1.10|||http://solardemon.oma.be/science/dimmings.php?did=3898|
2015/01/13 05:12|2015/01/14 05:12|2015/01/14 05:38|3899|22|-36|29||||1.09||M8|http://solardemon.oma.be/science/dimmings.php?did=3899|http://solardemon.oma.be/science/flares.php?fid=7438
2015/01/13 05:54|2015/01/14 06:20|2015/01/14 07:42|3900|63|-42|6|5|66|316.62|0.93|12257||http://solardemon.oma.be/science/dimmings.php?did=3900|
2015/01/13 08:38|2015/01/14 08:42|2015/01/14 09:10|3901|25|-13|4|||||12259||http://solardemon.oma.be/science/dimmings.php?did=3901|
2015/01/13 12:16|2015/01/14 12:16|2015/01/14 12:42|3902|22|-13|15||||1.05|||http://solardemon.oma.be/science/dimmings.php?did=3902|
2015/01/13 14:14|2015/01/14 14:14|2015/01/14 14:38|3903|21|-20|21||||1.16||B7|http://solardemon.oma.be/science/dimmings.php?did=3903|http://solardemon.oma.be/science/flares.php?fid=7440
2015/01/13 22:24|2015/01/14 22:42|2015/01/14 23:16|3904|35|-159|61||||1.14||B8|http://solardemon.oma.be/science/dimmings.php?did=3904|http://solardemon.oma.be/science/flares.php?fid=7443
2015/01/14 03:12|2015/01/15 03:12|2015/01/15 03:40|3905|23|-39|14||||1.09|||http://solardemon.oma.be/science/dimmings.php?did=3905|
2015/01/14 04:04|2015/01/15 04:04|2015/01/15 04:28|3906|21|-4|3|||||12259|C7|http://solardemon.oma.be/science/dimmings.php?did=3906|http://solardemon.oma.be/science/flares.php?fid=7447
2015/01/14 05:22|2015/01/15 05:22|2015/01/15 05:50|3907|23|-32|29|5|76|313.75|0.98|12257|C5|http://solardemon.oma.be/science/dimmings.php?did=3907|http://solardemon.oma.be/science/flares.php?fid=7448
2015/01/14 06:32|2015/01/15 06:32|2015/01/15 06:58|3908|22|-15|19||||1.13||C2|http://solardemon.oma.be/science/dimmings.php?did=3908|http://solardemon.oma.be/science/flares.php?fid=7449
2015/01/14 07:12|2015/01/15 07:12|2015/01/15 07:40|3909|23|-9|10||||1.12||C2|http://solardemon.oma.be/science/dimmings.php?did=3909|http://solardemon.oma.be/science/flares.php?fid=7449
2015/01/14 15:40|2015/01/15 15:40|2015/01/15 16:14|3910|26|-3|8|||||12261||http://solardemon.oma.be/science/dimmings.php?did=3910|
2015/01/14 17:16|2015/01/15 17:18|2015/01/15 18:18|3911|40|-129|36||||1.14|||http://solardemon.oma.be/science/dimmings.php?did=3911|
2015/01/14 18:30|2015/01/15 18:30|2015/01/15 18:54|3912|21|-44|37||||1.15||C1|http://solardemon.oma.be/science/dimmings.php?did=3912|http://solardemon.oma.be/science/flares.php?fid=7456
2015/01/14 19:22|2015/01/15 19:22|2015/01/15 19:52|3913|24|-42|21||||1.13||B6|http://solardemon.oma.be/science/dimmings.php?did=3913|http://solardemon.oma.be/science/flares.php?fid=7457
2015/01/15 03:26|2015/01/16 03:44|2015/01/16 04:30|3914|41|-222|76||||1.10|||http://solardemon.oma.be/science/dimmings.php?did=3914|
2015/01/15 14:20|2015/01/16 14:22|2015/01/16 15:24|3915|41|-221|61|50|-4|215.66|0.83|||http://solardemon.oma.be/science/dimmings.php?did=3915|
2015/01/17 03:18|2015/01/18 03:24|2015/01/18 03:58|3916|29|-91|65||||1.05|||http://solardemon.oma.be/science/dimmings.php?did=3916|
2015/01/19 05:10|2015/01/20 05:10|2015/01/20 05:34|3917|21|-47|16|-3|-4|168.02|0.08|12266||http://solardemon.oma.be/science/dimmings.php?did=3917|
2015/01/19 07:02|2015/01/20 07:22|2015/01/20 07:52|3918|34|-183|102||||1.11|||http://solardemon.oma.be/science/dimmings.php?did=3918|
2015/01/19 18:08|2015/01/20 18:08|2015/01/20 18:34|3919|22|-102|73|-8|-3|161.91|0.08|12266||http://solardemon.oma.be/science/dimmings.php?did=3919|
2015/01/20 17:24|2015/01/21 17:26|2015/01/21 18:00|3920|27|-49|20||||1.09|||http://solardemon.oma.be/science/dimmings.php?did=3920|
2015/01/22 06:08|2015/01/23 06:08|2015/01/23 06:46|3921|28|-66|65||||1.08|||http://solardemon.oma.be/science/dimmings.php?did=3921|
2015/01/22 11:14|2015/01/23 11:28|2015/01/23 12:00|3922|32|-88|53|21|-38|91.19|0.72|12267||http://solardemon.oma.be/science/dimmings.php?did=3922|
2015/01/25 18:30|2015/01/26 18:30|2015/01/26 18:54|3923|21|-6|14|||||12269||http://solardemon.oma.be/science/dimmings.php?did=3923|
2015/01/26 08:02|2015/01/27 08:02|2015/01/27 08:26|3924|21|-26|24|20|-4|74.28|0.45|12271|B8|http://solardemon.oma.be/science/dimmings.php?did=3924|http://solardemon.oma.be/science/flares.php?fid=7488
2015/01/26 10:42|2015/01/27 10:48|2015/01/27 11:38|3925|37|-78|36|24|-6|70.82|0.50|12271||http://solardemon.oma.be/science/dimmings.php?did=3925|
2015/01/26 14:14|2015/01/27 14:14|2015/01/27 14:38|3926|21|-23|10|-7|-35|39.88|0.58|12268||http://solardemon.oma.be/science/dimmings.php?did=3926|
2015/01/26 16:58|2015/01/27 17:06|2015/01/27 17:40|3927|30|-132|68|-5|-28|45.38|0.47|12268|M1|http://solardemon.oma.be/science/dimmings.php?did=3927|http://solardemon.oma.be/science/flares.php?fid=7490
2015/01/27 00:36|2015/01/28 00:36|2015/01/28 01:02|3928|22|-129|82|-2|-26|43.19|0.45|12268||http://solardemon.oma.be/science/dimmings.php?did=3928|
2015/01/28 01:10|2015/01/29 01:10|2015/01/29 01:40|3929|24|-39|17|-5|-8|47.72|0.13|12268|C2|http://solardemon.oma.be/science/dimmings.php?did=3929|http://solardemon.oma.be/science/flares.php?fid=7496
2015/01/28 04:34|2015/01/29 04:34|2015/01/29 05:00|3930|22|-1|5|||||12268|C8|http://solardemon.oma.be/science/dimmings.php?did=3930|http://solardemon.oma.be/science/flares.php?fid=7498
2015/01/28 07:42|2015/01/29 07:44|2015/01/29 08:38|3931|37|-14|4|||||12268||http://solardemon.oma.be/science/dimmings.php?did=3931|
2015/01/29 05:28|2015/01/30 05:46|2015/01/30 06:12|3932|31|-61|36|-10|12|52.19|0.23|12268|C5|http://solardemon.oma.be/science/dimmings.php?did=3932|http://solardemon.oma.be/science/flares.php?fid=7505
2015/01/29 06:20|2015/01/30 06:20|2015/01/30 06:44|3933|21|-65|65|26|31|70.71|0.70|12271|B4|http://solardemon.oma.be/science/dimmings.php?did=3933|http://solardemon.oma.be/science/flares.php?fid=7506
2015/01/29 11:48|2015/01/30 11:48|2015/01/30 12:26|3934|28|-91|96|-13|14|50.72|0.27|12268|M1|http://solardemon.oma.be/science/dimmings.php?did=3934|http://solardemon.oma.be/science/flares.php?fid=7510
2015/01/29 14:24|2015/01/30 14:56|2015/01/30 14:58|3935|26|-84|29|-2|12|47.29|0.21|12268|B6|http://solardemon.oma.be/science/dimmings.php?did=3935|http://solardemon.oma.be/science/flares.php?fid=7514
2015/01/29 19:46|2015/01/30 19:46|2015/01/30 20:54|3936|43|-87|35|||||12276|C3|http://solardemon.oma.be/science/dimmings.php?did=3936|http://solardemon.oma.be/science/flares.php?fid=7517
2015/01/29 22:38|2015/01/30 22:38|2015/01/30 23:20|3937|30|-50|22|||||12276||http://solardemon.oma.be/science/dimmings.php?did=3937|
2015/01/30 00:46|2015/01/31 00:58|2015/01/31 01:22|3938|27|-49|36|-21|-0|29.60|0.26|12276|M1|http://solardemon.oma.be/science/dimmings.php?did=3938|http://solardemon.oma.be/science/flares.php?fid=7520
2015/01/30 02:34|2015/01/31 02:44|2015/01/31 03:18|3939|31|-103|26|-16|3|31.61|0.18|12268||http://solardemon.oma.be/science/dimmings.php?did=3939|
2015/01/30 05:26|2015/01/31 06:38|2015/01/31 07:10|3941|61|-172|28|-13|25|52.04|0.44|12268|M1|http://solardemon.oma.be/science/dimmings.php?did=3941|http://solardemon.oma.be/science/flares.php?fid=7524
2015/01/30 08:20|2015/01/31 08:22|2015/01/31 09:16|3942|37|-83|67|||||12276|C2|http://solardemon.oma.be/science/dimmings.php?did=3942|http://solardemon.oma.be/science/flares.php?fid=7527
2015/01/30 09:36|2015/01/31 09:40|2015/01/31 10:44|3943|43|-66|14|||||12276||http://solardemon.oma.be/science/dimmings.php?did=3943|
2015/01/31 10:06|2015/02/01 10:20|2015/02/01 10:58|3944|35|-260|47|-24|9|20.32|0.35|12276||http://solardemon.oma.be/science/dimmings.php?did=3944|
2015/01/31 21:02|2015/02/01 21:10|2015/02/01 21:40|3945|28|-106|28|-18|27|32.32|0.50|12268|B7|http://solardemon.oma.be/science/dimmings.php?did=3945|http://solardemon.oma.be/science/flares.php?fid=7535
2015/02/01 09:30|2015/02/02 09:42|2015/02/02 10:08|3946|28|-86|52||||1.08||B4|http://solardemon.oma.be/science/dimmings.php?did=3946|http://solardemon.oma.be/science/flares.php?fid=7539
2015/02/01 19:40|2015/02/02 19:40|2015/02/02 20:04|3947|21|-10|35|7|-10|342.90|0.29|12277|B7|http://solardemon.oma.be/science/dimmings.php?did=3947|http://solardemon.oma.be/science/flares.php?fid=7543
2015/02/03 11:00|2015/02/04 11:00|2015/02/04 11:24|3948|21|-1|3|||||12277|B4|http://solardemon.oma.be/science/dimmings.php?did=3948|http://solardemon.oma.be/science/flares.php?fid=7548
2015/02/03 15:16|2015/02/04 15:16|2015/02/04 15:46|3949|24|-23|11|14|1|329.98|0.36|12277|B5|http://solardemon.oma.be/science/dimmings.php?did=3949|http://solardemon.oma.be/science/flares.php?fid=7549
2015/02/03 16:34|2015/02/04 16:36|2015/02/04 17:02|3950|23|-51|60|-6|-53|275.27|0.81|12280||http://solardemon.oma.be/science/dimmings.php?did=3950|
2015/02/03 21:16|2015/02/04 21:22|2015/02/04 21:50|3951|26|-37|19|12|1|326.69|0.32|12277||http://solardemon.oma.be/science/dimmings.php?did=3951|
2015/02/04 02:20|2015/02/05 02:32|2015/02/05 03:08|3952|33|-67|127|13|7|329.91|0.36|12277|C8|http://solardemon.oma.be/science/dimmings.php?did=3952|http://solardemon.oma.be/science/flares.php?fid=7554
2015/02/04 04:30|2015/02/05 04:32|2015/02/05 05:04|3953|26|-62|21||||1.09|||http://solardemon.oma.be/science/dimmings.php?did=3953|
2015/02/04 06:28|2015/02/05 06:44|2015/02/05 08:06|3954|58|-320|16|16|7|327.64|0.40|12277||http://solardemon.oma.be/science/dimmings.php?did=3954|
2015/02/04 20:50|2015/02/05 20:52|2015/02/05 21:22|3955|24|-12|26|-12|-31|281.76|0.53|12280||http://solardemon.oma.be/science/dimmings.php?did=3955|
2015/02/04 21:30|2015/02/05 21:32|2015/02/05 21:58|3956|23|-7|6|-11|-36|276.40|0.59|12280|B5|http://solardemon.oma.be/science/dimmings.php?did=3956|http://solardemon.oma.be/science/flares.php?fid=7557
2015/02/04 23:22|2015/02/05 23:26|2015/02/05 00:22|3957|39|-66|48|17|-14|297.37|0.47|12280||http://solardemon.oma.be/science/dimmings.php?did=3957|
2015/02/05 02:26|2015/02/06 02:30|2015/02/06 03:02|3958|27|-78|29|21|-8|301.69|0.48|||http://solardemon.oma.be/science/dimmings.php?did=3958|
2015/02/05 09:58|2015/02/06 09:58|2015/02/06 10:40|3959|30|-62|71|14|24|329.56|0.53|12277|C2|http://solardemon.oma.be/science/dimmings.php?did=3959|http://solardemon.oma.be/science/flares.php?fid=7559
2015/02/05 20:54|2015/02/06 21:02|2015/02/06 21:30|3960|26|-31|28|-10|-20|279.56|0.35|12280||http://solardemon.oma.be/science/dimmings.php?did=3960|
2015/02/06 03:30|2015/02/07 03:42|2015/02/07 04:08|3961|28|-14|39|14|-56|239.94|0.87|12281|B5|http://solardemon.oma.be/science/dimmings.php?did=3961|http://solardemon.oma.be/science/flares.php?fid=7560
2015/02/06 23:02|2015/02/07 23:24|2015/02/07 23:48|3962|32|-33|112|12|41|326.22|0.72|12277|B7|http://solardemon.oma.be/science/dimmings.php?did=3962|http://solardemon.oma.be/science/flares.php?fid=7561
2015/02/07 15:40|2015/02/08 16:26|2015/02/08 16:54|3963|46|-135|70||||1.17|||http://solardemon.oma.be/science/dimmings.php?did=3963|
2015/02/07 23:38|2015/02/08 23:42|2015/02/08 00:18|3964|29|-119|121|10|-21|250.73|0.46|12281||http://solardemon.oma.be/science/dimmings.php?did=3964|
2015/02/08 05:20|2015/02/09 05:20|2015/02/09 05:58|3965|28|-77|39||||1.15||C2|http://solardemon.oma.be/science/dimmings.php?did=3965|http://solardemon.oma.be/science/flares.php?fid=7567
2015/02/08 07:30|2015/02/09 07:34|2015/02/09 07:58|3966|23|-2|7|-13|12|279.41|0.23|12280||http://solardemon.oma.be/science/dimmings.php?did=3966|
2015/02/08 08:56|2015/02/09 09:18|2015/02/09 09:44|3967|33|-86|21||||1.07|||http://solardemon.oma.be/science/dimmings.php?did=3967|
2015/02/08 12:38|2015/02/09 12:38|2015/02/09 13:04|3968|22|-14|20|||||12281||http://solardemon.oma.be/science/dimmings.php?did=3968|
2015/02/08 18:44|2015/02/09 18:44|2015/02/09 19:08|3969|21|-89|53|21|-5|256.25|0.48|12281||http://solardemon.oma.be/science/dimmings.php?did=3969|
2015/02/08 22:22|2015/02/09 23:02|2015/02/09 23:34|3970|45|-150|200||||1.08|||http://solardemon.oma.be/science/dimmings.php?did=3970|
2015/02/09 02:42|2015/02/10 02:42|2015/02/10 03:08|3971|22|-16|18|-10|31|287.88|0.52|12280||http://solardemon.oma.be/science/dimmings.php?did=3971|
2015/02/09 05:36|2015/02/10 06:12|2015/02/10 06:54|3972|48|-233|38|-26|-53|202.29|0.82||C3|http://solardemon.oma.be/science/dimmings.php?did=3972|http://solardemon.oma.be/science/flares.php?fid=7576
2015/02/09 09:14|2015/02/10 09:14|2015/02/10 09:38|3973|21|-13|26|11|-5|248.29|0.31|12281||http://solardemon.oma.be/science/dimmings.php?did=3973|
2015/02/09 20:08|2015/02/10 20:12|2015/02/10 20:38|3974|24|-2|5|-8|41|288.31|0.65|12280||http://solardemon.oma.be/science/dimmings.php?did=3974|
2015/02/09 22:56|2015/02/10 23:36|2015/02/10 02:16|3975|109|-1|598|19|-65|180.78|0.94|12282|M2|http://solardemon.oma.be/science/dimmings.php?did=3975|http://solardemon.oma.be/science/flares.php?fid=7581
2015/02/10 03:20|2015/02/11 03:50|2015/02/11 04:34|3976|46|-157|74|-22|-48|195.36|0.76||B8|http://solardemon.oma.be/science/dimmings.php?did=3976|http://solardemon.oma.be/science/flares.php?fid=7583
2015/02/10 07:50|2015/02/11 07:50|2015/02/11 08:16|3977|22|-18|63|12|-70|170.89|0.96|12282||http://solardemon.oma.be/science/dimmings.php?did=3977|
2015/02/10 12:52|2015/02/11 12:54|2015/02/11 13:24|3978|25|-40|32||||1.14|||http://solardemon.oma.be/science/dimmings.php?did=3978|
2015/02/10 20:16|2015/02/11 20:16|2015/02/11 20:40|3979|21|-62|39||||1.21|||http://solardemon.oma.be/science/dimmings.php?did=3979|
2015/02/12 01:14|2015/02/13 01:14|2015/02/13 01:38|3980|21|-25|13|-64|-35|183.18|0.90|||http://solardemon.oma.be/science/dimmings.php?did=3980|
2015/02/14 23:04|2015/02/15 23:04|2015/02/15 23:36|3981|25|-76|55|10|-46|133.87|0.76|12284|B4|http://solardemon.oma.be/science/dimmings.php?did=3981|http://solardemon.oma.be/science/flares.php?fid=7591
2015/02/15 01:04|2015/02/16 01:06|2015/02/16 01:34|3982|24|-69|47|6|37|215.77|0.64|12283|B8|http://solardemon.oma.be/science/dimmings.php?did=3982|http://solardemon.oma.be/science/flares.php?fid=7592
2015/02/18 16:28|2015/02/19 16:28|2015/02/19 16:52|3983|21|-24|94|-8|-80|50.82|0.99||B4|http://solardemon.oma.be/science/dimmings.php?did=3983|http://solardemon.oma.be/science/flares.php?fid=7596
2015/02/18 22:34|2015/02/19 22:34|2015/02/19 23:02|3984|23|-32|68|-17|51|178.47|0.78|12285|C3|http://solardemon.oma.be/science/dimmings.php?did=3984|http://solardemon.oma.be/science/flares.php?fid=7597
2015/02/21 18:30|2015/02/22 18:40|2015/02/22 19:32|3985|40|-520|195|20|-19|71.19|0.55|12290||http://solardemon.oma.be/science/dimmings.php?did=3985|
2015/02/22 19:40|2015/02/23 19:40|2015/02/23 20:06|3986|22|-49|52|||||12289||http://solardemon.oma.be/science/dimmings.php?did=3986|
2015/02/23 10:54|2015/02/24 10:58|2015/02/24 11:22|3988|23|-48|42|15|71|139.02|0.97|||http://solardemon.oma.be/science/dimmings.php?did=3988|
2015/02/24 02:52|2015/02/25 03:10|2015/02/25 03:40|3989|33|-93|35||||1.04|||http://solardemon.oma.be/science/dimmings.php?did=3989|
2015/02/24 09:56|2015/02/25 10:16|2015/02/25 12:12|3990|77|-739|20||||1.07|||http://solardemon.oma.be/science/dimmings.php?did=3990|
2015/02/24 21:22|2015/02/25 21:22|2015/02/25 21:58|3991|27|-137|18|24|27|76.11|0.67|12290||http://solardemon.oma.be/science/dimmings.php?did=3991|
2015/02/25 08:14|2015/02/26 08:14|2015/02/26 08:38|3992|19|-11|22|||||12289||http://solardemon.oma.be/science/dimmings.php?did=3992|
2015/02/27 05:42|2015/02/28 05:54|2015/02/28 06:20|3993|28|-79|84|-25|22|40.19|0.48|12289||http://solardemon.oma.be/science/dimmings.php?did=3993|
2015/02/27 08:16|2015/02/28 08:16|2015/02/28 08:40|3994|18|-26|22|||||||http://solardemon.oma.be/science/dimmings.php?did=3994|
2015/02/27 10:02|2015/02/28 10:06|2015/02/28 10:30|3995|23|-66|51||||1.10|||http://solardemon.oma.be/science/dimmings.php?did=3995|
2015/02/27 23:08|2015/02/28 23:22|2015/02/28 00:00|3996|35|-124|52|25|72|80.63|0.98|12290|B4|http://solardemon.oma.be/science/dimmings.php?did=3996|http://solardemon.oma.be/science/flares.php?fid=7605
2015/02/28 09:10|2015/03/01 10:20|2015/03/01 11:20|3997|72|-424|115|-15|9|12.12|0.21|12294|C7|http://solardemon.oma.be/science/dimmings.php?did=3997|http://solardemon.oma.be/science/flares.php?fid=7607
2015/02/28 14:26|2015/03/01 15:00|2015/03/01 15:32|3998|42|-155|45|7|10|10.23|0.30|12294||http://solardemon.oma.be/science/dimmings.php?did=3998|
2015/02/28 21:30|2015/03/01 21:32|2015/03/01 22:28|3999|38|-229|120||||1.07|||http://solardemon.oma.be/science/dimmings.php?did=3999|
2015/03/01 05:26|2015/03/02 05:26|2015/03/02 05:52|4000|22|-19|19|29|70|62.00|0.98|12290|C4|http://solardemon.oma.be/science/dimmings.php?did=4000|http://solardemon.oma.be/science/flares.php?fid=7611
2015/03/01 12:36|2015/03/02 12:36|2015/03/02 13:12|4001|27|-44|49||||1.09|||http://solardemon.oma.be/science/dimmings.php?did=4001|
2015/03/01 15:50|2015/03/02 16:16|2015/03/02 18:00|4002|74|-391|103||||1.07||C6|http://solardemon.oma.be/science/dimmings.php?did=4002|http://solardemon.oma.be/science/flares.php?fid=7612
2015/03/02 15:20|2015/03/03 15:42|2015/03/03 16:16|4003|37|-137|46||||1.10||M4|http://solardemon.oma.be/science/dimmings.php?did=4003|http://solardemon.oma.be/science/flares.php?fid=7619
2015/03/02 19:32|2015/03/03 19:36|2015/03/03 20:08|4004|27|-29|53||||1.08||M1|http://solardemon.oma.be/science/dimmings.php?did=4004|http://solardemon.oma.be/science/flares.php?fid=7620
2015/03/03 00:52|2015/03/04 01:48|2015/03/04 02:20|4005|53|-389|97||||1.13||X1|http://solardemon.oma.be/science/dimmings.php?did=4005|http://solardemon.oma.be/science/flares.php?fid=7624
2015/03/03 15:36|2015/03/04 15:36|2015/03/04 16:16|4006|29|-116|90||||1.16|||http://solardemon.oma.be/science/dimmings.php?did=4006|
2015/03/05 17:16|2015/03/06 17:54|2015/03/06 18:26|4007|44|-220|83||||1.07||C6|http://solardemon.oma.be/science/dimmings.php?did=4007|http://solardemon.oma.be/science/flares.php?fid=7631
2015/03/05 22:42|2015/03/06 23:10|2015/03/06 00:30|4008|63|-305|123||||1.15||B8|http://solardemon.oma.be/science/dimmings.php?did=4008|http://solardemon.oma.be/science/flares.php?fid=7633
2015/03/06 02:44|2015/03/07 02:44|2015/03/07 03:10|4009|22|-36|54||||||C1|http://solardemon.oma.be/science/dimmings.php?did=4009|http://solardemon.oma.be/science/flares.php?fid=7635
2015/03/06 04:20|2015/03/07 04:36|2015/03/07 06:20|4010|69|-396|169||||1.13||M2|http://solardemon.oma.be/science/dimmings.php?did=4010|http://solardemon.oma.be/science/flares.php?fid=7636
2015/03/06 09:28|2015/03/07 09:28|2015/03/07 09:52|4011|21|-10|15|||||||http://solardemon.oma.be/science/dimmings.php?did=4011|
2015/03/06 11:56|2015/03/07 11:56|2015/03/07 12:22|4013|22|-70|29|||||||http://solardemon.oma.be/science/dimmings.php?did=4013|
2015/03/07 02:52|2015/03/08 02:52|2015/03/08 03:16|4014|21|-2|3|||||12296||http://solardemon.oma.be/science/dimmings.php?did=4014|
2015/03/07 04:52|2015/03/08 04:52|2015/03/08 05:28|4015|27|-76|88||||1.09|||http://solardemon.oma.be/science/dimmings.php?did=4015|
2015/03/07 14:06|2015/03/08 14:14|2015/03/08 15:16|4016|44|-131|47||||1.12|||http://solardemon.oma.be/science/dimmings.php?did=4016|
2015/03/07 15:48|2015/03/08 16:28|2015/03/08 17:22|4017|56|-196|17||||1.07|||http://solardemon.oma.be/science/dimmings.php?did=4017|
2015/03/07 17:48|2015/03/08 17:52|2015/03/08 18:32|4018|31|-110|11||||1.17||B7|http://solardemon.oma.be/science/dimmings.php?did=4018|http://solardemon.oma.be/science/flares.php?fid=7643
2015/03/07 22:00|2015/03/08 22:02|2015/03/08 23:02|4019|40|-502|300|-26|-67|196.86|0.93|12297||http://solardemon.oma.be/science/dimmings.php?did=4019|
2015/03/08 03:34|2015/03/09 03:38|2015/03/09 04:14|4021|29|-32|17||||1.14|||http://solardemon.oma.be/science/dimmings.php?did=4021|
2015/03/08 04:18|2015/03/09 04:18|2015/03/09 04:50|4022|25|-50|164|-12|-66|194.40|0.92|12297||http://solardemon.oma.be/science/dimmings.php?did=4022|
2015/03/08 09:28|2015/03/09 09:30|2015/03/09 10:04|4023|27|-114|124|-12|-54|203.56|0.81|12297|C2|http://solardemon.oma.be/science/dimmings.php?did=4023|http://solardemon.oma.be/science/flares.php?fid=7647
2015/03/08 13:14|2015/03/09 13:14|2015/03/09 13:42|4024|23|-51|67|-12|-54|201.49|0.81|12297||http://solardemon.oma.be/science/dimmings.php?did=4024|
2015/03/08 14:58|2015/03/09 14:58|2015/03/09 15:26|4025|23|-99|80|-13|-49|205.54|0.76|12297||http://solardemon.oma.be/science/dimmings.php?did=4025|
2015/03/08 15:46|2015/03/09 15:46|2015/03/09 16:14|4026|23|-37|22|-15|-47|207.10|0.74|12297||http://solardemon.oma.be/science/dimmings.php?did=4026|
2015/03/08 16:26|2015/03/09 16:26|2015/03/09 16:50|4027|21|-28|59|-12|-54|199.74|0.81|12297||http://solardemon.oma.be/science/dimmings.php?did=4027|
2015/03/08 21:04|2015/03/09 21:04|2015/03/09 21:30|4028|22|-84|38|-13|-43|208.19|0.68|12297||http://solardemon.oma.be/science/dimmings.php?did=4028|
2015/03/09 00:22|2015/03/10 00:22|2015/03/10 00:50|4029|23|-85|227|-12|-46|203.38|0.72|12297|B9|http://solardemon.oma.be/science/dimmings.php?did=4029|http://solardemon.oma.be/science/flares.php?fid=7648
2015/03/09 01:26|2015/03/10 01:28|2015/03/10 01:54|4030|23|-36|139|-11|-68|180.80|0.93|12297|B8|http://solardemon.oma.be/science/dimmings.php?did=4030|http://solardemon.oma.be/science/flares.php?fid=7649
2015/03/09 05:58|2015/03/10 06:08|2015/03/10 06:16|4031|18|-69|140|-18|-42|204.31|0.68|12297|C2|http://solardemon.oma.be/science/dimmings.php?did=4031|http://solardemon.oma.be/science/flares.php?fid=7651
2015/03/09 09:52|2015/03/10 10:12|2015/03/10 10:56|4032|41|-157|45|-10|-36|208.17|0.60|12297|C3|http://solardemon.oma.be/science/dimmings.php?did=4032|http://solardemon.oma.be/science/flares.php?fid=7652
2015/03/09 14:42|2015/03/10 14:42|2015/03/10 15:16|4033|26|-28|36|-14|-57|184.51|0.84|12297|M4|http://solardemon.oma.be/science/dimmings.php?did=4033|http://solardemon.oma.be/science/flares.php?fid=7654
2015/03/09 18:04|2015/03/10 18:06|2015/03/10 18:28|4034|21|-29|53|-14|-46|193.66|0.72|12297|C5|http://solardemon.oma.be/science/dimmings.php?did=4034|http://solardemon.oma.be/science/flares.php?fid=7655
2015/03/09 22:36|2015/03/10 22:38|2015/03/10 23:32|4035|37|-55|19|-12|-30|207.18|0.51|12297|B8|http://solardemon.oma.be/science/dimmings.php?did=4035|http://solardemon.oma.be/science/flares.php?fid=7657
2015/03/09 23:42|2015/03/10 23:52|2015/03/10 01:10|4036|53|-694|367|-21|-50|186.57|0.78|12297|M5|http://solardemon.oma.be/science/dimmings.php?did=4036|http://solardemon.oma.be/science/flares.php?fid=7660
2015/03/10 03:30|2015/03/11 03:36|2015/03/11 04:16|4037|32|-67|47||||||M6|http://solardemon.oma.be/science/dimmings.php?did=4037|http://solardemon.oma.be/science/flares.php?fid=7661
2015/03/10 04:36|2015/03/11 04:36|2015/03/11 05:02|4038|22|-1|2||||||C4|http://solardemon.oma.be/science/dimmings.php?did=4038|http://solardemon.oma.be/science/flares.php?fid=7662
2015/03/10 23:54|2015/03/11 23:56|2015/03/11 01:10|4039|47|-67|24|-14|-37|186.28|0.61|12297|M3|http://solardemon.oma.be/science/dimmings.php?did=4039|http://solardemon.oma.be/science/flares.php?fid=7668
2015/03/11 08:04|2015/03/12 08:08|2015/03/12 09:00|4041|28|-72|59|||||12297|M2|http://solardemon.oma.be/science/dimmings.php?did=4041|http://solardemon.oma.be/science/flares.php?fid=7673
2015/03/11 09:20|2015/03/12 09:22|2015/03/12 10:06|4042|32|-272|144|-13|-22|196.10|0.39|12297|B6|http://solardemon.oma.be/science/dimmings.php?did=4042|http://solardemon.oma.be/science/flares.php?fid=7674
2015/03/11 16:28|2015/03/12 16:34|2015/03/12 17:40|4043|45|-640|545|-17|-30|184.19|0.52|12297|X1|http://solardemon.oma.be/science/dimmings.php?did=4043|http://solardemon.oma.be/science/flares.php?fid=7679
2015/03/11 17:56|2015/03/12 18:12|2015/03/12 18:38|4044|30|-21|24|-15|-20|193.38|0.36|12297||http://solardemon.oma.be/science/dimmings.php?did=4044|
2015/03/11 19:42|2015/03/12 19:42|2015/03/12 20:10|4045|23|-98|41|||||12297||http://solardemon.oma.be/science/dimmings.php?did=4045|
2015/03/11 20:58|2015/03/12 20:58|2015/03/12 21:22|4046|20|-13|21|-15|-23|188.72|0.41|12297||http://solardemon.oma.be/science/dimmings.php?did=4046|
2015/03/11 23:38|2015/03/12 23:50|2015/03/12 01:36|4047|68|-245|81|-13|-17|193.25|0.30|12297|C3|http://solardemon.oma.be/science/dimmings.php?did=4047|http://solardemon.oma.be/science/flares.php?fid=7683
2015/03/12 02:22|2015/03/13 02:28|2015/03/13 03:16|4048|36|-222|88||||1.04||C9|http://solardemon.oma.be/science/dimmings.php?did=4048|http://solardemon.oma.be/science/flares.php?fid=7685
2015/03/12 04:54|2015/03/13 04:56|2015/03/13 05:54|4049|39|-163|39|-25|-11|196.36|0.36|12297|M1|http://solardemon.oma.be/science/dimmings.php?did=4049|http://solardemon.oma.be/science/flares.php?fid=7687
2015/03/12 10:04|2015/03/13 10:04|2015/03/13 10:28|4050|21|-6|4|-8|-69|135.52|0.94||B9|http://solardemon.oma.be/science/dimmings.php?did=4050|http://solardemon.oma.be/science/flares.php?fid=7691
2015/03/12 11:40|2015/03/13 12:18|2015/03/13 13:22|4051|60|-109|34|-16|-15|188.65|0.30|12297|M1|http://solardemon.oma.be/science/dimmings.php?did=4051|http://solardemon.oma.be/science/flares.php?fid=7692
2015/03/12 14:18|2015/03/13 14:18|2015/03/13 14:50|4052|25|-48|34|-15|-13|189.20|0.26|12297|M3|http://solardemon.oma.be/science/dimmings.php?did=4052|http://solardemon.oma.be/science/flares.php?fid=7693
2015/03/12 15:14|2015/03/13 15:16|2015/03/13 15:44|4053|24|-101|71|-14|17|218.69|0.32|12297||http://solardemon.oma.be/science/dimmings.php?did=4053|
2015/03/12 15:50|2015/03/13 15:50|2015/03/13 16:38|4054|33|-109|102|-13|6|207.36|0.15|12297||http://solardemon.oma.be/science/dimmings.php?did=4054|
2015/03/12 22:02|2015/03/13 22:02|2015/03/13 22:46|4055|31|-78|20|-14|-6|191.95|0.17|12297|M2|http://solardemon.oma.be/science/dimmings.php?did=4055|http://solardemon.oma.be/science/flares.php?fid=7696
2015/03/13 02:40|2015/03/14 02:50|2015/03/14 03:38|4056|38|-215|66|-6|-70|125.41|0.94|12299||http://solardemon.oma.be/science/dimmings.php?did=4056|
2015/03/13 03:58|2015/03/14 04:00|2015/03/14 04:30|4057|25|-56|31|-13|-4|190.70|0.13|12297|C8|http://solardemon.oma.be/science/dimmings.php?did=4057|http://solardemon.oma.be/science/flares.php?fid=7700
2015/03/13 07:58|2015/03/14 07:58|2015/03/14 08:24|4058|20|-5|10|-21|0|192.50|0.25|12297|B6|http://solardemon.oma.be/science/dimmings.php?did=4058|http://solardemon.oma.be/science/flares.php?fid=7702
2015/03/13 08:56|2015/03/14 08:58|2015/03/14 09:24|4059|22|-77|116|-13|0|191.97|0.10|12297||http://solardemon.oma.be/science/dimmings.php?did=4059|
2015/03/13 20:46|2015/03/14 20:48|2015/03/14 21:14|4060|22|-25|40|-18|18|203.47|0.35|12297|C4|http://solardemon.oma.be/science/dimmings.php?did=4060|http://solardemon.oma.be/science/flares.php?fid=7704
2015/03/14 04:44|2015/03/15 04:44|2015/03/15 05:14|4062|24|-55|115|-16|8|189.10|0.21|12297|M1|http://solardemon.oma.be/science/dimmings.php?did=4062|http://solardemon.oma.be/science/flares.php?fid=7709
2015/03/14 05:28|2015/03/15 05:30|2015/03/15 05:58|4063|24|-21|59|-18|21|201.69|0.40|12297||http://solardemon.oma.be/science/dimmings.php?did=4063|
2015/03/14 09:08|2015/03/15 09:12|2015/03/15 09:38|4065|24|-56|62|-19|14|192.68|0.31|12297|C1|http://solardemon.oma.be/science/dimmings.php?did=4065|http://solardemon.oma.be/science/flares.php?fid=7711
2015/03/14 12:00|2015/03/15 12:02|2015/03/15 12:40|4066|29|-81|61|-24|30|207.10|0.56|12297|C1|http://solardemon.oma.be/science/dimmings.php?did=4066|http://solardemon.oma.be/science/flares.php?fid=7712
2015/03/15 00:48|2015/03/16 01:26|2015/03/16 02:38|4067|64|-853|281|-22|33|203.08|0.58|12297||http://solardemon.oma.be/science/dimmings.php?did=4067|
2015/03/15 03:10|2015/03/16 03:10|2015/03/16 03:34|4068|21|0|2|||||12301||http://solardemon.oma.be/science/dimmings.php?did=4068|
2015/03/15 04:54|2015/03/16 04:54|2015/03/16 05:18|4069|21|-31|7|-20|27|194.82|0.49|12297||http://solardemon.oma.be/science/dimmings.php?did=4069|
2015/03/15 08:20|2015/03/16 08:20|2015/03/16 08:44|4070|15|-6|3|-14|33|198.94|0.55|12297||http://solardemon.oma.be/science/dimmings.php?did=4070|
2015/03/15 23:20|2015/03/16 23:28|2015/03/16 00:24|4071|41|-351|186|-14|37|194.70|0.61|12297|C8|http://solardemon.oma.be/science/dimmings.php?did=4071|http://solardemon.oma.be/science/flares.php?fid=7726
2015/03/16 10:54|2015/03/17 11:24|2015/03/17 12:02|4072|43|-420|259|-11|37|188.35|0.61|12297|M1|http://solardemon.oma.be/science/dimmings.php?did=4072|http://solardemon.oma.be/science/flares.php?fid=7729
2015/03/16 19:56|2015/03/17 19:56|2015/03/17 20:20|4073|21|-18|53|||||12299|C4|http://solardemon.oma.be/science/dimmings.php?did=4073|http://solardemon.oma.be/science/flares.php?fid=7733
2015/03/17 23:40|2015/03/18 23:40|2015/03/18 00:08|4074|23|-58|62|-28|60|191.16|0.88|12297|M1|http://solardemon.oma.be/science/dimmings.php?did=4074|http://solardemon.oma.be/science/flares.php?fid=7737
2015/03/18 16:32|2015/03/19 16:36|2015/03/19 17:06|4075|26|-109|149|-11|71|192.89|0.95|12297|C5|http://solardemon.oma.be/science/dimmings.php?did=4075|http://solardemon.oma.be/science/flares.php?fid=7748
2015/03/20 01:06|2015/03/21 01:28|2015/03/21 02:08|4076|40|-571|361||||1.11||C7|http://solardemon.oma.be/science/dimmings.php?did=4076|http://solardemon.oma.be/science/flares.php?fid=7754
2015/03/21 07:50|2015/03/22 07:50|2015/03/22 08:32|4077|30|-107|112||||1.12|||http://solardemon.oma.be/science/dimmings.php?did=4077|
2015/03/23 20:56|2015/03/24 21:02|2015/03/24 21:30|4078|25|-28|36||||1.09|||http://solardemon.oma.be/science/dimmings.php?did=4078|
2015/03/24 08:10|2015/03/25 08:18|2015/03/25 09:02|4079|35|-89|23||||1.04|||http://solardemon.oma.be/science/dimmings.php?did=4079|
2015/03/24 16:26|2015/03/25 16:26|2015/03/25 16:54|4080|23|-4|9|||||12307||http://solardemon.oma.be/science/dimmings.php?did=4080|
2015/03/25 07:48|2015/03/26 07:48|2015/03/26 08:28|4081|29|-111|40||||1.06||B8|http://solardemon.oma.be/science/dimmings.php?did=4081|http://solardemon.oma.be/science/flares.php?fid=7766
2015/03/25 18:30|2015/03/26 18:30|2015/03/26 18:54|4082|21|-15|22|||||12305|B4|http://solardemon.oma.be/science/dimmings.php?did=4082|http://solardemon.oma.be/science/flares.php?fid=7770
2015/03/25 23:24|2015/03/26 23:30|2015/03/26 00:06|4083|30|-150|132|24|44|69.83|0.81|12303||http://solardemon.oma.be/science/dimmings.php?did=4083|
2015/03/26 09:42|2015/03/27 09:42|2015/03/27 10:06|4085|21|-22|46||||1.09|||http://solardemon.oma.be/science/dimmings.php?did=4085|
2015/03/28 12:40|2015/03/29 12:42|2015/03/29 13:10|4086|24|-38|73|3|8|0.16|0.23|12310|C1|http://solardemon.oma.be/science/dimmings.php?did=4086|http://solardemon.oma.be/science/flares.php?fid=7773
2015/03/29 02:38|2015/03/30 02:40|2015/03/30 03:04|4087|22|-76|18|-18|25|9.48|0.45|12315||http://solardemon.oma.be/science/dimmings.php?did=4087|
2015/03/29 15:12|2015/03/30 15:12|2015/03/30 15:42|4088|24|-24|11||||1.12||C1|http://solardemon.oma.be/science/dimmings.php?did=4088|http://solardemon.oma.be/science/flares.php?fid=7778
2015/03/30 00:12|2015/03/31 00:12|2015/03/31 00:40|4089|23|-80|72|-19|54|26.63|0.82|12305||http://solardemon.oma.be/science/dimmings.php?did=4089|
2015/03/30 03:10|2015/03/31 03:12|2015/03/31 04:02|4090|35|-33|12||||1.11|||http://solardemon.oma.be/science/dimmings.php?did=4090|
2015/03/31 01:32|2015/04/01 01:40|2015/04/01 02:22|4091|34|-266|124|-27|-9|309.71|0.39|12316||http://solardemon.oma.be/science/dimmings.php?did=4091|
2015/04/02 05:20|2015/04/03 05:30|2015/04/03 06:08|4092|33|-291|265||||1.06|||http://solardemon.oma.be/science/dimmings.php?did=4092|
2015/04/03 07:02|2015/04/04 07:18|2015/04/04 07:46|4093|31|-173|159||||1.11|||http://solardemon.oma.be/science/dimmings.php?did=4093|
2015/04/04 23:00|2015/04/05 23:22|2015/04/05 01:12|4094|75|-729|184|-27|-22|232.13|0.50||C2|http://solardemon.oma.be/science/dimmings.php?did=4094|http://solardemon.oma.be/science/flares.php?fid=7785
2015/04/05 01:34|2015/04/06 01:34|2015/04/06 02:00|4095|22|-71|55|||||12319||http://solardemon.oma.be/science/dimmings.php?did=4095|
2015/04/05 02:28|2015/04/06 02:32|2015/04/06 03:44|4096|47|-343|36|-24|-9|243.23|0.34|12319||http://solardemon.oma.be/science/dimmings.php?did=4096|
2015/04/05 20:44|2015/04/06 20:52|2015/04/06 21:32|4097|32|-345|102|-15|-37|205.18|0.61|12320|C3|http://solardemon.oma.be/science/dimmings.php?did=4097|http://solardemon.oma.be/science/flares.php?fid=7788
2015/04/05 21:46|2015/04/06 21:48|2015/04/06 22:16|4098|24|-11|4|||||12319||http://solardemon.oma.be/science/dimmings.php?did=4098|
2015/04/06 04:22|2015/04/07 04:22|2015/04/07 04:46|4099|21|-85|65|7|-53|184.99|0.82|12318||http://solardemon.oma.be/science/dimmings.php?did=4099|
2015/04/06 05:46|2015/04/07 05:46|2015/04/07 06:42|4100|37|-123|46|6|-52|185.22|0.81|12318||http://solardemon.oma.be/science/dimmings.php?did=4100|
2015/04/06 18:42|2015/04/07 18:46|2015/04/07 20:04|4101|50|-493|505|-15|-12|218.11|0.25|12320|C1|http://solardemon.oma.be/science/dimmings.php?did=4101|http://solardemon.oma.be/science/flares.php?fid=7789
2015/04/06 20:18|2015/04/07 20:20|2015/04/07 20:56|4102|28|-184|18|-15|-13|216.23|0.27|12320||http://solardemon.oma.be/science/dimmings.php?did=4102|
2015/04/06 21:52|2015/04/07 22:04|2015/04/07 22:16|4103|21|-127|108|-19|-13|215.36|0.31|12320||http://solardemon.oma.be/science/dimmings.php?did=4103|
2015/04/07 20:54|2015/04/08 20:54|2015/04/08 21:18|4104|20|-35|111|-10|33|248.70|0.55|12319||http://solardemon.oma.be/science/dimmings.php?did=4104|
2015/04/08 00:14|2015/04/09 00:20|2015/04/09 00:46|4105|25|-51|50|-25|-9|204.87|0.36|12320|B7|http://solardemon.oma.be/science/dimmings.php?did=4105|http://solardemon.oma.be/science/flares.php?fid=7792
2015/04/08 14:50|2015/04/09 14:52|2015/04/09 15:18|4106|23|-73|139|-17|6|211.84|0.22|12320|M1|http://solardemon.oma.be/science/dimmings.php?did=4106|http://solardemon.oma.be/science/flares.php?fid=7794
2015/04/09 07:52|2015/04/10 07:52|2015/04/10 08:16|4108|21|-1|3|||||12318||http://solardemon.oma.be/science/dimmings.php?did=4108|
2015/04/09 10:34|2015/04/10 10:34|2015/04/10 10:58|4109|21|-3|7|||||12318||http://solardemon.oma.be/science/dimmings.php?did=4109|
2015/04/09 17:32|2015/04/10 17:50|2015/04/10 18:16|4110|31|-81|79|-18|21|212.15|0.40|12320|C6|http://solardemon.oma.be/science/dimmings.php?did=4110|http://solardemon.oma.be/science/flares.php?fid=7796
2015/04/09 18:44|2015/04/10 18:52|2015/04/10 19:18|4111|26|-178|64|-20|27|217.49|0.51|12320|C5|http://solardemon.oma.be/science/dimmings.php?did=4111|http://solardemon.oma.be/science/flares.php?fid=7797
2015/04/09 19:22|2015/04/10 19:22|2015/04/10 19:50|4112|23|-59|58|-18|29|219.15|0.52|12320|C5|http://solardemon.oma.be/science/dimmings.php?did=4112|http://solardemon.oma.be/science/flares.php?fid=7797
2015/04/09 23:56|2015/04/10 23:56|2015/04/10 00:22|4113|22|-21|36|-18|23|210.63|0.44|12320|C3|http://solardemon.oma.be/science/dimmings.php?did=4113|http://solardemon.oma.be/science/flares.php?fid=7798
2015/04/10 00:34|2015/04/11 00:38|2015/04/11 01:26|4114|35|-162|23|-21|23|210.29|0.46|12320||http://solardemon.oma.be/science/dimmings.php?did=4114|
2015/04/10 08:08|2015/04/11 08:08|2015/04/11 08:44|4115|27|-105|264|-23|32|215.12|0.58|12320|C5|http://solardemon.oma.be/science/dimmings.php?did=4115|http://solardemon.oma.be/science/flares.php?fid=7800
2015/04/11 17:36|2015/04/12 17:36|2015/04/12 18:02|4116|22|-31|31|-15|40|204.72|0.65|12320|C1|http://solardemon.oma.be/science/dimmings.php?did=4116|http://solardemon.oma.be/science/flares.php?fid=7805
2015/04/11 21:02|2015/04/12 21:04|2015/04/12 21:28|4117|22|-55|44||||1.13|||http://solardemon.oma.be/science/dimmings.php?did=4117|
2015/04/12 09:44|2015/04/13 09:46|2015/04/13 10:22|4118|28|-156|127|-3|-72|83.84|0.96|12321|C7|http://solardemon.oma.be/science/dimmings.php?did=4118|http://solardemon.oma.be/science/flares.php?fid=7810
2015/04/12 21:28|2015/04/13 21:28|2015/04/13 21:56|4119|23|-46|32|-9|61|210.39|0.88|12320|C1|http://solardemon.oma.be/science/dimmings.php?did=4119|http://solardemon.oma.be/science/flares.php?fid=7816
2015/04/12 23:30|2015/04/13 23:38|2015/04/13 00:08|4120|28|-70|124||||1.09||C4|http://solardemon.oma.be/science/dimmings.php?did=4120|http://solardemon.oma.be/science/flares.php?fid=7820
2015/04/14 14:56|2015/04/15 15:16|2015/04/15 15:46|4122|34|-169|233||||1.16|||http://solardemon.oma.be/science/dimmings.php?did=4122|
2015/04/15 20:24|2015/04/16 20:26|2015/04/16 20:50|4123|22|-35|73|9|-12|98.37|0.33|12321|C4|http://solardemon.oma.be/science/dimmings.php?did=4123|http://solardemon.oma.be/science/flares.php?fid=7835
2015/04/16 02:22|2015/04/17 02:22|2015/04/17 02:52|4124|24|-74|111|4|-26|81.09|0.47|12321||http://solardemon.oma.be/science/dimmings.php?did=4124|
2015/04/16 12:52|2015/04/17 12:54|2015/04/17 13:20|4125|23|-58|51|18|-12|89.31|0.45|12321||http://solardemon.oma.be/science/dimmings.php?did=4125|
2015/04/18 14:00|2015/04/19 14:16|2015/04/19 15:28|4126|53|-782|151|5|17|91.27|0.34|12321|C4|http://solardemon.oma.be/science/dimmings.php?did=4126|http://solardemon.oma.be/science/flares.php?fid=7846
2015/04/19 20:54|2015/04/20 20:54|2015/04/20 21:30|4127|26|-16|33|||||12325||http://solardemon.oma.be/science/dimmings.php?did=4127|
2015/04/20 20:42|2015/04/21 21:02|2015/04/21 21:42|4128|38|-142|76||||1.11|||http://solardemon.oma.be/science/dimmings.php?did=4128|
2015/04/21 01:50|2015/04/22 01:54|2015/04/22 02:20|4129|24|-72|40|12|14|55.35|0.38|12324||http://solardemon.oma.be/science/dimmings.php?did=4129|
2015/04/21 08:56|2015/04/22 08:58|2015/04/22 09:24|4130|23|-10|26|22|28|65.44|0.63|12324||http://solardemon.oma.be/science/dimmings.php?did=4130|
2015/04/21 10:18|2015/04/22 10:28|2015/04/22 11:12|4131|36|-89|163||||1.11||M2|http://solardemon.oma.be/science/dimmings.php?did=4131|http://solardemon.oma.be/science/flares.php?fid=7854
2015/04/21 11:34|2015/04/22 11:44|2015/04/22 14:20|4132|92|-109|22|18|63|98.99|0.92|12321|M2|http://solardemon.oma.be/science/dimmings.php?did=4132|http://solardemon.oma.be/science/flares.php?fid=7855
2015/04/21 15:56|2015/04/22 16:00|2015/04/22 16:30|4133|26|-21|119|||||12325|M3|http://solardemon.oma.be/science/dimmings.php?did=4133|http://solardemon.oma.be/science/flares.php?fid=7857
2015/04/22 00:08|2015/04/23 00:08|2015/04/23 00:32|4135|21|-16|121|25|38|67.08|0.75|12324||http://solardemon.oma.be/science/dimmings.php?did=4135|
2015/04/22 01:30|2015/04/23 02:00|2015/04/23 02:30|4136|39|-47|29|28|29|57.32|0.70|12324|C3|http://solardemon.oma.be/science/dimmings.php?did=4136|http://solardemon.oma.be/science/flares.php?fid=7864
2015/04/22 03:40|2015/04/23 03:40|2015/04/23 04:04|4137|21|-22|75|25|40|67.13|0.76|12324|C2|http://solardemon.oma.be/science/dimmings.php?did=4137|http://solardemon.oma.be/science/flares.php?fid=7865
2015/04/22 04:56|2015/04/23 04:58|2015/04/23 05:26|4138|24|-9|13|25|40|66.43|0.77|12324|B5|http://solardemon.oma.be/science/dimmings.php?did=4138|http://solardemon.oma.be/science/flares.php?fid=7867
2015/04/22 05:42|2015/04/23 06:28|2015/04/23 07:02|4139|49|-259|46|-5|2|28.01|0.03|12331||http://solardemon.oma.be/science/dimmings.php?did=4139|
2015/04/22 08:24|2015/04/23 08:24|2015/04/23 08:50|4140|22|-16|75|25|42|66.53|0.79|12324||http://solardemon.oma.be/science/dimmings.php?did=4140|
2015/04/22 23:14|2015/04/23 23:20|2015/04/23 23:44|4141|24|-31|4||||1.13|||http://solardemon.oma.be/science/dimmings.php?did=4141|
2015/04/23 09:10|2015/04/24 09:30|2015/04/24 10:40|4142|54|-491|249||||1.15|||http://solardemon.oma.be/science/dimmings.php?did=4142|
2015/04/23 15:26|2015/04/24 15:26|2015/04/24 15:52|4143|22|-2|5|||||12327||http://solardemon.oma.be/science/dimmings.php?did=4143|
2015/04/23 17:06|2015/04/24 17:12|2015/04/24 17:48|4144|30|-88|24||||1.08|||http://solardemon.oma.be/science/dimmings.php?did=4144|
2015/04/23 20:30|2015/04/24 20:34|2015/04/24 21:06|4145|26|-49|54||||1.09|||http://solardemon.oma.be/science/dimmings.php?did=4145|
2015/04/25 03:52|2015/04/26 03:52|2015/04/26 04:16|4146|21|-44|35|-16|33|20.39|0.57|12331||http://solardemon.oma.be/science/dimmings.php?did=4146|
2015/04/25 06:46|2015/04/26 06:46|2015/04/26 07:14|4147|23|-63|72|-50|-46|299.79|0.87|||http://solardemon.oma.be/science/dimmings.php?did=4147|
2015/04/25 18:06|2015/04/26 18:18|2015/04/26 19:04|4148|38|-221|223||||1.12|||http://solardemon.oma.be/science/dimmings.php?did=4148|
2015/04/26 03:46|2015/04/27 03:48|2015/04/27 04:30|4149|31|-146|86|-24|29|3.23|0.57|12327||http://solardemon.oma.be/science/dimmings.php?did=4149|
2015/04/26 21:06|2015/04/27 21:06|2015/04/27 21:32|4150|22|-10|11|-14|38|2.69|0.63|12327|C1|http://solardemon.oma.be/science/dimmings.php?did=4150|http://solardemon.oma.be/science/flares.php?fid=7886
2015/04/26 21:46|2015/04/27 21:48|2015/04/27 22:26|4151|29|-79|62|-19|77|41.32|0.98|12331||http://solardemon.oma.be/science/dimmings.php?did=4151|
2015/04/28 13:54|2015/04/29 14:04|2015/04/29 14:40|4152|32|-67|61||||1.03|||http://solardemon.oma.be/science/dimmings.php?did=4152|
2015/04/29 16:30|2015/04/30 16:36|2015/04/30 17:10|4153|29|-82|67||||1.12||B8|http://solardemon.oma.be/science/dimmings.php?did=4153|http://solardemon.oma.be/science/flares.php?fid=7888
2015/04/30 20:24|2015/05/01 20:34|2015/05/01 21:02|4154|27|-102|62||||1.11|||http://solardemon.oma.be/science/dimmings.php?did=4154|
2015/05/01 21:48|2015/05/02 21:54|2015/05/02 22:34|4155|32|-176|95||||1.07|||http://solardemon.oma.be/science/dimmings.php?did=4155|
2015/05/02 03:24|2015/05/03 03:24|2015/05/03 03:50|4156|22|-35|47||||1.16|||http://solardemon.oma.be/science/dimmings.php?did=4156|
2015/05/03 00:28|2015/05/04 00:28|2015/05/04 01:02|4157|26|-16|16|||||||http://solardemon.oma.be/science/dimmings.php?did=4157|
2015/05/03 03:02|2015/05/04 03:02|2015/05/04 03:30|4158|23|-49|40||||1.07|||http://solardemon.oma.be/science/dimmings.php?did=4158|
2015/05/03 06:34|2015/05/04 06:36|2015/05/04 07:00|4159|22|-1|2||||||C1|http://solardemon.oma.be/science/dimmings.php?did=4159|http://solardemon.oma.be/science/flares.php?fid=7892
2015/05/04 03:02|2015/05/05 03:14|2015/05/05 04:08|4160|42|-122|40||||1.13|||http://solardemon.oma.be/science/dimmings.php?did=4160|
2015/05/04 09:32|2015/05/05 09:32|2015/05/05 10:00|4161|23|-7|16||||1.11|||http://solardemon.oma.be/science/dimmings.php?did=4161|
2015/05/04 10:04|2015/05/05 10:04|2015/05/05 10:28|4162|21|-4|12|||||12336||http://solardemon.oma.be/science/dimmings.php?did=4162|
2015/05/05 04:04|2015/05/06 04:06|2015/05/06 04:30|4163|22|-39|21||||1.19|||http://solardemon.oma.be/science/dimmings.php?did=4163|
2015/05/05 07:04|2015/05/06 07:04|2015/05/06 07:28|4164|21|-18|31|-20|-31|182.48|0.57|12337||http://solardemon.oma.be/science/dimmings.php?did=4164|
2015/05/05 08:24|2015/05/06 08:26|2015/05/06 08:50|4165|22|-7|32|||||12336||http://solardemon.oma.be/science/dimmings.php?did=4165|
2015/05/05 09:44|2015/05/06 09:54|2015/05/06 10:08|4166|21|-86|33|11|7|219.01|0.29|12336|M1|http://solardemon.oma.be/science/dimmings.php?did=4166|http://solardemon.oma.be/science/flares.php?fid=7903
2015/05/05 10:16|2015/05/06 10:16|2015/05/06 10:50|4167|26|-77|19|10|8|219.71|0.28|12336|M1|http://solardemon.oma.be/science/dimmings.php?did=4167|http://solardemon.oma.be/science/flares.php?fid=7903
2015/05/05 14:12|2015/05/06 14:12|2015/05/06 15:38|4168|52|-41|11|||||12336|M1|http://solardemon.oma.be/science/dimmings.php?did=4168|http://solardemon.oma.be/science/flares.php?fid=7910
2015/05/05 17:44|2015/05/06 17:44|2015/05/06 18:08|4169|21|-2|4|-19|-14|193.60|0.36|12335|M2|http://solardemon.oma.be/science/dimmings.php?did=4169|http://solardemon.oma.be/science/flares.php?fid=7914
2015/05/05 22:06|2015/05/06 22:22|2015/05/06 23:38|4170|55|-542|427||||1.07||X2|http://solardemon.oma.be/science/dimmings.php?did=4170|http://solardemon.oma.be/science/flares.php?fid=7918
2015/05/06 00:44|2015/05/07 00:46|2015/05/07 01:10|4171|22|-1|2|||||12335|C2|http://solardemon.oma.be/science/dimmings.php?did=4171|http://solardemon.oma.be/science/flares.php?fid=7919
2015/05/06 11:54|2015/05/07 11:58|2015/05/07 12:32|4172|28|-19|32|||||12335|M2|http://solardemon.oma.be/science/dimmings.php?did=4172|http://solardemon.oma.be/science/flares.php?fid=7925
2015/05/06 20:22|2015/05/07 20:22|2015/05/07 20:46|4173|21|-32|138|||||12335|C2|http://solardemon.oma.be/science/dimmings.php?did=4173|http://solardemon.oma.be/science/flares.php?fid=7929
2015/05/06 23:48|2015/05/07 00:22|2015/05/07 00:52|4174|41|-167|59|-17|15|206.04|0.34|12335|C1|http://solardemon.oma.be/science/dimmings.php?did=4174|http://solardemon.oma.be/science/flares.php?fid=7930
2015/05/07 13:06|2015/05/08 13:08|2015/05/08 13:42|4175|27|-115|70||||1.13|||http://solardemon.oma.be/science/dimmings.php?did=4175|
2015/05/07 20:02|2015/05/08 20:06|2015/05/08 20:38|4176|27|-89|180|35|-62|117.89|0.95|12339|C4|http://solardemon.oma.be/science/dimmings.php?did=4176|http://solardemon.oma.be/science/flares.php?fid=7938
2015/05/08 04:20|2015/05/09 04:20|2015/05/09 04:46|4177|22|-19|25|35|-60|115.32|0.94|12339|C4|http://solardemon.oma.be/science/dimmings.php?did=4177|http://solardemon.oma.be/science/flares.php?fid=7940
2015/05/08 08:12|2015/05/09 08:12|2015/05/09 08:38|4178|22|-2|7|||||12338|B7|http://solardemon.oma.be/science/dimmings.php?did=4178|http://solardemon.oma.be/science/flares.php?fid=7941
2015/05/08 09:50|2015/05/09 09:50|2015/05/09 10:14|4179|21|-7|18|-5|-45|127.29|0.71|12340|C2|http://solardemon.oma.be/science/dimmings.php?did=4179|http://solardemon.oma.be/science/flares.php?fid=7942
2015/05/09 00:50|2015/05/10 01:26|2015/05/10 02:20|4180|54|-402|249||||1.11|||http://solardemon.oma.be/science/dimmings.php?did=4180|
2015/05/09 16:50|2015/05/10 16:50|2015/05/10 17:16|4181|22|-1|2|||||12338|B4|http://solardemon.oma.be/science/dimmings.php?did=4181|http://solardemon.oma.be/science/flares.php?fid=7948
2015/05/09 18:50|2015/05/10 18:50|2015/05/10 19:18|4182|23|-57|87|19|-42|112.11|0.74|12339||http://solardemon.oma.be/science/dimmings.php?did=4182|
2015/05/09 19:34|2015/05/10 19:36|2015/05/10 20:02|4183|23|-42|52|20|-41|112.71|0.73|12339||http://solardemon.oma.be/science/dimmings.php?did=4183|
2015/05/10 23:34|2015/05/11 23:34|2015/05/11 23:58|4184|21|-9|25|-5|-74|64.28|0.97||B4|http://solardemon.oma.be/science/dimmings.php?did=4184|http://solardemon.oma.be/science/flares.php?fid=7951
2015/05/11 03:54|2015/05/12 04:02|2015/05/12 04:54|4185|39|-123|181|14|-36|99.89|0.65|12343||http://solardemon.oma.be/science/dimmings.php?did=4185|
2015/05/11 19:14|2015/05/12 19:14|2015/05/12 19:40|4186|22|-46|43||||1.19|||http://solardemon.oma.be/science/dimmings.php?did=4186|
2015/05/12 02:28|2015/05/13 02:58|2015/05/13 03:36|4187|43|-191|175||||1.17|||http://solardemon.oma.be/science/dimmings.php?did=4187|
2015/05/12 12:00|2015/05/13 12:10|2015/05/13 12:46|4188|32|-54|80|-20|64|182.21|0.91|12335|C2|http://solardemon.oma.be/science/dimmings.php?did=4188|http://solardemon.oma.be/science/flares.php?fid=7956
2015/05/13 11:16|2015/05/14 11:24|2015/05/14 11:58|4189|30|-106|130|5|38|143.39|0.63|12339|C1|http://solardemon.oma.be/science/dimmings.php?did=4189|http://solardemon.oma.be/science/flares.php?fid=7959
2015/05/13 12:48|2015/05/14 12:56|2015/05/14 13:20|4190|25|-5|5|22|-17|87.54|0.51|12342||http://solardemon.oma.be/science/dimmings.php?did=4190|
2015/05/13 16:00|2015/05/14 16:08|2015/05/14 17:48|4191|63|-230|76|-26|-4|98.78|0.41|12341||http://solardemon.oma.be/science/dimmings.php?did=4191|
2015/05/13 18:02|2015/05/14 18:28|2015/05/14 20:14|4192|75|-760|297|19|-1|100.66|0.38|12343|C8|http://solardemon.oma.be/science/dimmings.php?did=4192|http://solardemon.oma.be/science/flares.php?fid=7960
2015/05/14 05:28|2015/05/15 05:28|2015/05/15 05:54|4194|22|-50|112|11|47|142.36|0.77|12339|B6|http://solardemon.oma.be/science/dimmings.php?did=4194|http://solardemon.oma.be/science/flares.php?fid=7961
2015/05/14 14:06|2015/05/15 14:08|2015/05/15 14:52|4195|32|-158|225|14|-4|86.60|0.30|12342|C2|http://solardemon.oma.be/science/dimmings.php?did=4195|http://solardemon.oma.be/science/flares.php?fid=7963
2015/05/14 18:06|2015/05/15 18:06|2015/05/15 18:34|4196|23|-32|53|2|59|147.40|0.87|12339|C4|http://solardemon.oma.be/science/dimmings.php?did=4196|http://solardemon.oma.be/science/flares.php?fid=7965
2015/05/15 00:40|2015/05/16 00:46|2015/05/16 01:18|4197|28|-101|114|24|2|86.78|0.46|12342||http://solardemon.oma.be/science/dimmings.php?did=4197|
2015/05/15 02:06|2015/05/16 02:06|2015/05/16 02:32|4198|22|-13|11|||||12343||http://solardemon.oma.be/science/dimmings.php?did=4198|
2015/05/15 06:26|2015/05/16 06:28|2015/05/16 06:56|4199|24|-52|33|24|0|81.60|0.46|12342||http://solardemon.oma.be/science/dimmings.php?did=4199|
2015/05/15 22:46|2015/05/16 22:48|2015/05/16 23:16|4200|24|-21|31|23|14|86.60|0.49|12342|C1|http://solardemon.oma.be/science/dimmings.php?did=4200|http://solardemon.oma.be/science/flares.php?fid=7969
2015/05/15 23:34|2015/05/16 23:44|2015/05/16 00:10|4201|27|-24|8|3|63|135.16|0.91|12339|C2|http://solardemon.oma.be/science/dimmings.php?did=4201|http://solardemon.oma.be/science/flares.php?fid=7970
2015/05/16 00:38|2015/05/17 01:32|2015/05/17 02:00|4202|50|-169|33|23|-35|36.57|0.68|12347||http://solardemon.oma.be/science/dimmings.php?did=4202|
2015/05/16 09:46|2015/05/17 10:48|2015/05/17 12:04|4203|78|-403|106|24|2|68.54|0.45|12347||http://solardemon.oma.be/science/dimmings.php?did=4203|
2015/05/16 17:32|2015/05/17 17:34|2015/05/17 18:00|4205|23|-39|22|-12|-6|56.26|0.20|12346||http://solardemon.oma.be/science/dimmings.php?did=4205|
2015/05/16 22:42|2015/05/17 22:48|2015/05/17 23:14|4206|25|-106|81|20|32|91.41|0.64|12342||http://solardemon.oma.be/science/dimmings.php?did=4206|
2015/05/17 14:58|2015/05/18 14:58|2015/05/18 15:22|4207|21|-31|24|-7|10|60.45|0.20|12346||http://solardemon.oma.be/science/dimmings.php?did=4207|
2015/05/18 02:38|2015/05/19 02:44|2015/05/19 03:08|4208|24|-36|33|23|-4|40.02|0.44|||http://solardemon.oma.be/science/dimmings.php?did=4208|
2015/05/18 07:38|2015/05/19 07:54|2015/05/19 08:28|4209|34|-250|28|-28|-47|354.26|0.80|||http://solardemon.oma.be/science/dimmings.php?did=4209|
2015/05/18 12:52|2015/05/19 13:14|2015/05/19 13:56|4210|41|-138|38|-17|-35|3.38|0.61|12348||http://solardemon.oma.be/science/dimmings.php?did=4210|
2015/05/18 20:16|2015/05/19 20:30|2015/05/19 21:18|4211|39|-142|124|-26|69|103.30|0.95|12341||http://solardemon.oma.be/science/dimmings.php?did=4211|
2015/05/18 21:40|2015/05/19 21:42|2015/05/19 22:08|4212|23|-31|16|||||12348||http://solardemon.oma.be/science/dimmings.php?did=4212|
2015/05/18 22:18|2015/05/19 22:34|2015/05/19 23:04|4213|32|-100|35|-27|69|102.18|0.95|12341||http://solardemon.oma.be/science/dimmings.php?did=4213|
2015/05/19 11:46|2015/05/20 11:50|2015/05/20 12:34|4214|33|-63|12|||||12348|C1|http://solardemon.oma.be/science/dimmings.php?did=4214|http://solardemon.oma.be/science/flares.php?fid=7973
2015/05/19 21:10|2015/05/20 21:10|2015/05/20 21:34|4215|21|-21|24|-26|-24|356.57|0.56|12349||http://solardemon.oma.be/science/dimmings.php?did=4215|
2015/05/20 08:06|2015/05/21 08:12|2015/05/21 08:58|4216|35|-179|259|-27|-17|357.55|0.50|12349|C1|http://solardemon.oma.be/science/dimmings.php?did=4216|http://solardemon.oma.be/science/flares.php?fid=7974
2015/05/20 16:58|2015/05/21 16:58|2015/05/21 17:24|4217|22|-7|5|||||12350||http://solardemon.oma.be/science/dimmings.php?did=4217|
2015/05/21 07:04|2015/05/22 07:08|2015/05/22 07:44|4218|29|-219|112|-21|0|1.89|0.33|12348|B8|http://solardemon.oma.be/science/dimmings.php?did=4218|http://solardemon.oma.be/science/flares.php?fid=7976
2015/05/21 22:28|2015/05/22 22:38|2015/05/22 23:10|4219|30|-11|29|||||||http://solardemon.oma.be/science/dimmings.php?did=4219|
2015/05/22 15:34|2015/05/23 15:42|2015/05/23 16:12|4220|28|-81|39||||1.09|||http://solardemon.oma.be/science/dimmings.php?did=4220|
2015/05/22 17:06|2015/05/23 17:06|2015/05/23 17:32|4221|22|-25|49|5|-5|338.13|0.15|||http://solardemon.oma.be/science/dimmings.php?did=4221|
2015/05/24 00:00|2015/05/25 00:02|2015/05/25 00:36|4222|27|-76|57|-20|43|9.10|0.72|12349|B5|http://solardemon.oma.be/science/dimmings.php?did=4222|http://solardemon.oma.be/science/flares.php?fid=7982
2015/05/26 07:26|2015/05/27 07:28|2015/05/27 08:04|4223|28|-68|83||||1.11|||http://solardemon.oma.be/science/dimmings.php?did=4223|
2015/05/26 22:02|2015/05/27 22:02|2015/05/27 22:28|4224|22|-96|90|25|41|328.49|0.74|12353||http://solardemon.oma.be/science/dimmings.php?did=4224|
2015/05/27 12:32|2015/05/28 12:52|2015/05/28 13:34|4225|40|-185|113||||1.09|||http://solardemon.oma.be/science/dimmings.php?did=4225|
2015/06/01 13:38|2015/06/02 13:42|2015/06/02 14:16|4226|28|-130|215||||1.11|||http://solardemon.oma.be/science/dimmings.php?did=4226|
2015/06/02 07:00|2015/06/03 07:02|2015/06/03 07:40|4227|29|-139|130||||1.16|||http://solardemon.oma.be/science/dimmings.php?did=4227|
2015/06/03 08:24|2015/06/04 08:26|2015/06/04 09:14|4228|34|-53|29||||1.13|||http://solardemon.oma.be/science/dimmings.php?did=4228|
2015/06/03 15:36|2015/06/04 15:36|2015/06/04 16:04|4229|23|-45|42|13|17|202.17|0.36|12359||http://solardemon.oma.be/science/dimmings.php?did=4229|
2015/06/04 09:10|2015/06/05 09:54|2015/06/05 10:54|4230|61|-369|65|13|32|207.49|0.57|12359|C5|http://solardemon.oma.be/science/dimmings.php?did=4230|http://solardemon.oma.be/science/flares.php?fid=7991
2015/06/04 11:32|2015/06/05 11:34|2015/06/05 11:58|4231|22|-25|30||||1.04|||http://solardemon.oma.be/science/dimmings.php?did=4231|
2015/06/04 14:54|2015/06/05 14:54|2015/06/05 15:22|4232|23|-11|17||||1.10|||http://solardemon.oma.be/science/dimmings.php?did=4232|
2015/06/05 01:20|2015/06/05 01:32|2015/06/05 02:04|4233|31|-88|63|14|40|206.57|0.67|12359||http://solardemon.oma.be/science/dimmings.php?did=4233|
