time_start,time_peak,time_end,xclass_est,id_flare,lat_hg,long_hg,long_carr,rsun,nar,flux_est,flux_goes,time_peak_goes,tdiff_peak,comesep,nimg,dimming,euv_wave,url_flare,url_dimming,url_wave
2015/01/01 05:06|2015/01/02 05:14|2015/01/02 06:10|C1|7385|-6|-49|0.09|0.76|12253|13.0|21.1|2015/01/02 05:07|-7||33||wave|http://solardemon.oma.be/science/flares.php?fid=7385||http://solardemon.oma.be/science/wave_plots.php?flare_id=7385
2015/01/01 07:30|2015/01/02 07:38|2015/01/02 07:50|C2|7386|-5|-48|359.78|0.75|12253|17.2|21.5|2015/01/02 07:30|-8||11||wave|http://solardemon.oma.be/science/flares.php?fid=7386||http://solardemon.oma.be/science/wave_plots.php?flare_id=7386
2015/01/03 06:06|2015/01/04 06:20|2015/01/04 06:34|C3|7390|-5|-19|3.20|0.33|12253|26.7|46.7|2015/01/04 06:17|-3||15||wave|http://solardemon.oma.be/science/flares.php?fid=7390||http://solardemon.oma.be/science/wave_plots.php?flare_id=7390
2015/01/03 06:48|2015/01/04 06:52|2015/01/04 06:58|C1|7391|-5|-19|2.82|0.33|12253|14.3|38.8|2015/01/04 06:49|-3||6||wave|http://solardemon.oma.be/science/flares.php?fid=7391||http://solardemon.oma.be/science/wave_plots.php?flare_id=7391
2015/01/03 07:14|2015/01/04 07:18|2015/01/04 07:32|C1|7392|-5|-19|2.58|0.33|12253|14.5|||-29||10||wave|http://solardemon.oma.be/science/flares.php?fid=7392||http://solardemon.oma.be/science/wave_plots.php?flare_id=7392
2015/01/03 09:46|2015/01/04 09:48|2015/01/04 09:54|C2|7393|-6|-17|3.19|0.32|12253|15.2|115.0|2015/01/04 09:47|-1||5||wave|http://solardemon.oma.be/science/flares.php?fid=7393||http://solardemon.oma.be/science/wave_plots.php?flare_id=7393
2015/01/04 15:22|2015/01/05 15:40|2015/01/05 17:06|C9|7396|-5|-1|2.95|0.07|12253|88.3|130.0|2015/01/05 15:35|-5|98317|53|-0|wave|http://solardemon.oma.be/science/flares.php?fid=7396|http://solardemon.oma.be/science/dimmings.php?did=3872|http://solardemon.oma.be/science/wave_plots.php?flare_id=7396
2015/01/05 08:22|2015/01/06 08:24|2015/01/06 08:36|C2|7401|-8|4|358.62|0.11|12253|21.6|35.5|2015/01/06 08:22|-2||8||wave|http://solardemon.oma.be/science/flares.php?fid=7401||http://solardemon.oma.be/science/wave_plots.php?flare_id=7401
2015/01/05 14:58|2015/01/06 15:18|2015/01/06 15:38|C1|7403||||1.02||14.8|39.2|2015/01/06 14:59|-19||21||edge|http://solardemon.oma.be/science/flares.php?fid=7403||
2015/01/05 17:42|2015/01/06 18:04|2015/01/06 18:34|C5|7404|-8|12|1.50|0.23|12253|45.3|74.9|2015/01/06 17:47|-17|98310|27||wave|http://solardemon.oma.be/science/flares.php?fid=7404||http://solardemon.oma.be/science/wave_plots.php?flare_id=7404
2015/01/05 22:08|2015/01/06 22:16|2015/01/06 22:30|C3|7405|-6|16|3.07|0.28|12253|30.6|41.3|2015/01/06 22:13|-3||12|-0|wave|http://solardemon.oma.be/science/flares.php?fid=7405|http://solardemon.oma.be/science/dimmings.php?did=3874|http://solardemon.oma.be/science/wave_plots.php?flare_id=7405
2015/01/05 23:16|2015/01/06 23:30|2015/01/06 00:04|C3|7406||||1.03||30.7|45.0|2015/01/06 23:20|-10||25|-0|edge|http://solardemon.oma.be/science/flares.php?fid=7406|http://solardemon.oma.be/science/dimmings.php?did=3874|
2015/01/06 05:28|2015/01/07 06:08|2015/01/07 06:36|C4|7408|-8|18|1.04|0.33|12253|43.5|54.0|2015/01/07 05:44|-24|98316|35||wave|http://solardemon.oma.be/science/flares.php?fid=7408||http://solardemon.oma.be/science/wave_plots.php?flare_id=7408
2015/01/06 11:46|2015/01/07 11:52|2015/01/07 12:16|C3|7410||||1.02||27.4|97.5|2015/01/07 11:48|-4||16||edge|http://solardemon.oma.be/science/flares.php?fid=7410||
2015/01/07 11:48|2015/01/08 11:54|2015/01/08 12:28|C2|7415|-9|34|0.40|0.59|12253|20.2|43.0|2015/01/08 11:51|-3||21||wave|http://solardemon.oma.be/science/flares.php?fid=7415||http://solardemon.oma.be/science/wave_plots.php?flare_id=7415
2015/01/08 04:30|2015/01/09 04:36|2015/01/09 04:40|C2|7417|-8|44|1.23|0.70|12253|16.8|42.7|2015/01/09 04:34|-2||6|0|wave|http://solardemon.oma.be/science/flares.php?fid=7417|http://solardemon.oma.be/science/dimmings.php?did=3878|http://solardemon.oma.be/science/wave_plots.php?flare_id=7417
2015/01/08 15:48|2015/01/09 15:54|2015/01/09 15:58|C1|7418|16|-52|259.03|0.83|12258|10.5|26.1|2015/01/09 15:48|-6||6||wave|http://solardemon.oma.be/science/flares.php?fid=7418||http://solardemon.oma.be/science/wave_plots.php?flare_id=7418
2015/01/09 05:50|2015/01/10 05:56|2015/01/10 06:04|C2|7420|-17|-65|238.33|0.91|12259|20.2|34.6|2015/01/10 05:53|-3||8||wave|http://solardemon.oma.be/science/flares.php?fid=7420||http://solardemon.oma.be/science/wave_plots.php?flare_id=7420
2015/01/09 08:10|2015/01/10 08:32|2015/01/10 08:54|C8|7421|8|18|320.05|0.37|12257|79.9|96.5|2015/01/10 08:17|-15|98312|23|-4|wave|http://solardemon.oma.be/science/flares.php?fid=7421|http://solardemon.oma.be/science/dimmings.php?did=3883|http://solardemon.oma.be/science/wave_plots.php?flare_id=7421
2015/01/10 11:22|2015/01/11 11:50|2015/01/11 12:12|C2|7424|8|35|322.13|0.60|12257|21.4|33.9|2015/01/11 11:33|-17||26||wave|http://solardemon.oma.be/science/flares.php?fid=7424||http://solardemon.oma.be/science/wave_plots.php?flare_id=7424
2015/01/11 02:50|2015/01/12 03:06|2015/01/12 03:30|C2|7425|11|45|323.64|0.73|12257|17.5|33.2|2015/01/12 02:53|-13||21|-364|wave|http://solardemon.oma.be/science/flares.php?fid=7425|http://solardemon.oma.be/science/dimmings.php?did=3886|http://solardemon.oma.be/science/wave_plots.php?flare_id=7425
2015/01/11 05:30|2015/01/12 05:54|2015/01/12 06:40|C3|7426||||1.03||25.5|42.4|2015/01/12 05:43|-11||36||edge|http://solardemon.oma.be/science/flares.php?fid=7426||
2015/01/12 02:22|2015/01/13 02:28|2015/01/13 02:46|C1|7430|9|58|323.73|0.86|12257|11.5|31.4|2015/01/13 02:25|-3||13||wave|http://solardemon.oma.be/science/flares.php?fid=7430||http://solardemon.oma.be/science/wave_plots.php?flare_id=7430
2015/01/12 04:30|2015/01/13 04:34|2015/01/13 04:50|C5|7431|8|21|285.56|0.42|12260|54.9|61.5|2015/01/13 04:32|-2|98306|11|-11|wave|http://solardemon.oma.be/science/flares.php?fid=7431|http://solardemon.oma.be/science/dimmings.php?did=3895|http://solardemon.oma.be/science/wave_plots.php?flare_id=7431
2015/01/12 07:46|2015/01/13 07:52|2015/01/13 08:18|C2|7433|-18|52|314.77|0.81|12255|21.3|31.9|2015/01/13 07:51|-1||17||wave|http://solardemon.oma.be/science/flares.php?fid=7433||http://solardemon.oma.be/science/wave_plots.php?flare_id=7433
2015/01/12 12:52|2015/01/13 12:58|2015/01/13 13:22|C3|7435|9|26|285.97|0.49|12260|32.4|56.4|2015/01/13 12:55|-3||16||wave|http://solardemon.oma.be/science/flares.php?fid=7435||http://solardemon.oma.be/science/wave_plots.php?flare_id=7435
2015/01/12 14:34|2015/01/13 14:54|2015/01/13 15:50|C4|7436|-17|59|318.04|0.87|12255|38.1|71.1|2015/01/13 14:44|-10|98308|39|-491|wave|http://solardemon.oma.be/science/flares.php?fid=7436|http://solardemon.oma.be/science/dimmings.php?did=3897|http://solardemon.oma.be/science/wave_plots.php?flare_id=7436
2015/01/12 22:32|2015/01/13 22:38|2015/01/13 23:12|C3|7437|7|74|328.66|0.97|12257|25.4|35.2|2015/01/13 22:30|-8||21||edge|http://solardemon.oma.be/science/flares.php?fid=7437||
2015/01/13 04:18|2015/01/14 05:20|2015/01/14 07:10|M8|7438||||1.01||839.5|495.0|2015/01/14 04:58|-22|98321|87|-42|edge|http://solardemon.oma.be/science/flares.php?fid=7438|http://solardemon.oma.be/science/dimmings.php?did=3900|
2015/01/14 00:24|2015/01/15 00:30|2015/01/15 00:48|C1|7444||||1.00||13.8|18.0|2015/01/15 00:27|-3||13||edge|http://solardemon.oma.be/science/flares.php?fid=7444||
2015/01/14 02:28|2015/01/15 02:40|2015/01/15 02:54|C4|7446||||1.01||41.4|47.8|2015/01/15 02:33|-7|98308|14|-39|edge|http://solardemon.oma.be/science/flares.php?fid=7446|http://solardemon.oma.be/science/dimmings.php?did=3905|
2015/01/14 03:28|2015/01/15 03:52|2015/01/15 04:42|C7|7447||||1.02||73.4|97.5|2015/01/15 03:47|-5|98310|36|-39|edge|http://solardemon.oma.be/science/flares.php?fid=7447|http://solardemon.oma.be/science/dimmings.php?did=3905|
2015/01/14 04:44|2015/01/15 05:04|2015/01/15 05:40|C5|7448||||1.03||47.2|77.5|2015/01/15 04:56|-8|98313|29||edge|http://solardemon.oma.be/science/flares.php?fid=7448||
2015/01/14 06:36|2015/01/15 06:54|2015/01/15 07:02|C2|7449||||1.01||15.0|23.7|2015/01/15 06:51|-3||13|-15|edge|http://solardemon.oma.be/science/flares.php?fid=7449|http://solardemon.oma.be/science/dimmings.php?did=3908|
2015/01/14 08:44|2015/01/15 08:50|2015/01/15 09:08|C2|7451||||1.01||15.3|27.0|2015/01/15 08:45|-5||13||edge|http://solardemon.oma.be/science/flares.php?fid=7451||
2015/01/14 09:22|2015/01/15 09:50|2015/01/15 10:08|C4|7452||||1.02||38.0|53.8|2015/01/15 09:43|-7|98308|24||edge|http://solardemon.oma.be/science/flares.php?fid=7452||
2015/01/14 10:42|2015/01/15 10:46|2015/01/15 10:48|C1|7453|-14|4|238.82|0.18|12259|10.1|||30||4||wave|http://solardemon.oma.be/science/flares.php?fid=7453||http://solardemon.oma.be/science/wave_plots.php?flare_id=7453
2015/01/14 12:38|2015/01/15 13:06|2015/01/15 13:48|M1|7455||||1.02||106.3|223.0|2015/01/15 12:58|-8|98310|36||edge|http://solardemon.oma.be/science/flares.php?fid=7455||
2015/01/14 18:28|2015/01/15 18:30|2015/01/15 18:54|C1|7456||||1.01||10.2|23.8|2015/01/15 18:26|-4||14|-42|edge|http://solardemon.oma.be/science/flares.php?fid=7456|http://solardemon.oma.be/science/dimmings.php?did=3913|
2015/01/19 20:46|2015/01/20 20:50|2015/01/20 20:56|C3|7464|-6|-4|159.46|0.07|12266|26.5|33.7|2015/01/20 20:48|-2||6||wave|http://solardemon.oma.be/science/flares.php?fid=7464||http://solardemon.oma.be/science/wave_plots.php?flare_id=7464
2015/01/20 23:16|2015/01/21 23:34|2015/01/21 00:04|C2|7467||||1.01||22.8|30.0|2015/01/21 23:18|-16||25||edge|http://solardemon.oma.be/science/flares.php?fid=7467||
2015/01/21 10:44|2015/01/22 11:00|2015/01/22 11:50|C4|7468||||1.02||41.7|43.7|2015/01/22 10:49|-11|98316|34||edge|http://solardemon.oma.be/science/flares.php?fid=7468||
2015/01/21 11:52|2015/01/22 12:04|2015/01/22 12:34|C4|7469||||1.03||37.0|99.3|2015/01/22 11:42|-22|98309|22||edge|http://solardemon.oma.be/science/flares.php?fid=7469||
2015/01/21 15:32|2015/01/22 15:50|2015/01/22 16:46|C4|7470||||1.02||35.5|50.1|2015/01/22 15:34|-16|98318|37||edge|http://solardemon.oma.be/science/flares.php?fid=7470||
2015/01/21 16:48|2015/01/22 16:56|2015/01/22 17:30|C3|7471||||1.02||25.2|54.1|2015/01/22 16:44|-12||22||edge|http://solardemon.oma.be/science/flares.php?fid=7471||
2015/01/21 22:26|2015/01/22 22:48|2015/01/22 23:20|C4|7473||||1.02||36.4|54.8|2015/01/22 22:30|-18|98308|28||edge|http://solardemon.oma.be/science/flares.php?fid=7473||
2015/01/22 02:18|2015/01/23 02:24|2015/01/23 02:44|C1|7474||||1.01||13.6|17.3|2015/01/23 02:20|-4||14||edge|http://solardemon.oma.be/science/flares.php?fid=7474||
2015/01/22 04:06|2015/01/23 05:16|2015/01/23 06:16|C9|7476||||1.02||89.3|142.0|2015/01/23 04:52|-24|98322|64|-66|edge|http://solardemon.oma.be/science/flares.php?fid=7476|http://solardemon.oma.be/science/dimmings.php?did=3921|
2015/01/22 08:48|2015/01/23 09:02|2015/01/23 09:40|C1|7477||||1.01||11.7|21.0|2015/01/23 08:48|-14||27||edge|http://solardemon.oma.be/science/flares.php?fid=7477||
2015/01/23 02:54|2015/01/24 03:04|2015/01/24 04:10|C3|7478|-11|-76|44.60|0.98|12268|31.7|43.5|2015/01/24 02:53|-11||39||edge|http://solardemon.oma.be/science/flares.php?fid=7478||
2015/01/23 15:28|2015/01/24 16:08|2015/01/24 16:30|C3|7482|-12|-69|44.70|0.94|12268|29.4|37.1|2015/01/24 16:00|-8||30||wave|http://solardemon.oma.be/science/flares.php?fid=7482||http://solardemon.oma.be/science/wave_plots.php?flare_id=7482
2015/01/24 07:38|2015/01/25 07:44|2015/01/25 07:52|C1|7484|-12|-59|45.83|0.86|12268|14.4|20.8|2015/01/25 07:40|-4||8||wave|http://solardemon.oma.be/science/flares.php?fid=7484||http://solardemon.oma.be/science/wave_plots.php?flare_id=7484
2015/01/26 06:28|2015/01/27 06:38|2015/01/27 07:00|C1|7487|18|-5|74.14|0.42|12271|13.4|18.1|2015/01/27 06:27|-11||17||wave|http://solardemon.oma.be/science/flares.php?fid=7487||http://solardemon.oma.be/science/wave_plots.php?flare_id=7487
2015/01/26 16:50|2015/01/27 16:56|2015/01/27 17:16|M1|7490|-10|-32|41.45|0.53|12268|137.5|113.0|2015/01/27 16:53|-3|98306|14|-132|wave|http://solardemon.oma.be/science/flares.php?fid=7490|http://solardemon.oma.be/science/dimmings.php?did=3927|http://solardemon.oma.be/science/wave_plots.php?flare_id=7490
2015/01/27 23:56|2015/01/28 00:04|2015/01/28 00:16|C5|7495|-9|-51|5.39|0.78||48.7|57.1|2015/01/28 23:59|-5|98307|11||wave|http://solardemon.oma.be/science/flares.php?fid=7495||http://solardemon.oma.be/science/wave_plots.php?flare_id=7495
2015/01/28 00:58|2015/01/29 01:10|2015/01/29 02:22|C2|7496|-11|-12|43.83|0.23|12268|18.7||2015/01/29 01:28|18||43|-39|wave|http://solardemon.oma.be/science/flares.php?fid=7496|http://solardemon.oma.be/science/dimmings.php?did=3929|http://solardemon.oma.be/science/wave_plots.php?flare_id=7496
2015/01/28 04:26|2015/01/29 04:46|2015/01/29 05:20|C8|7498|-10|-9|44.92|0.17|12268|83.6|146.0|2015/01/29 04:41|-5|98315|28|-1|wave|http://solardemon.oma.be/science/flares.php?fid=7498|http://solardemon.oma.be/science/dimmings.php?did=3930|http://solardemon.oma.be/science/wave_plots.php?flare_id=7498
2015/01/28 05:22|2015/01/29 05:36|2015/01/29 06:28|C6|7499|-11|-10|43.41|0.19|12268|64.1|98.4|2015/01/29 05:30|-6|98312|34||wave|http://solardemon.oma.be/science/flares.php?fid=7499||http://solardemon.oma.be/science/wave_plots.php?flare_id=7499
2015/01/28 10:42|2015/01/29 10:58|2015/01/29 11:30|C2|7500||||1.01||17.4|27.8|2015/01/29 10:43|-15||25||edge|http://solardemon.oma.be/science/flares.php?fid=7500||
2015/01/28 13:08|2015/01/29 13:14|2015/01/29 13:22|C2|7501|10|-79|330.15|0.99||17.1|25.7|2015/01/29 13:12|-2||8||edge|http://solardemon.oma.be/science/flares.php?fid=7501||
2015/01/29 02:46|2015/01/30 03:14|2015/01/30 03:50|C4|7503|8|-73|328.67|0.98|12277|35.0|41.6|2015/01/30 03:13|-1|98312|33||edge|http://solardemon.oma.be/science/flares.php?fid=7503||
2015/01/29 03:52|2015/01/30 04:44|2015/01/30 05:18|C2|7504|11|-75|326.07|0.98|12277|23.1|31.1|2015/01/30 04:33|-11||44||edge|http://solardemon.oma.be/science/flares.php?fid=7504||
2015/01/29 05:18|2015/01/30 05:26|2015/01/30 06:48|C5|7505|-13|4|44.28|0.14|12268|48.0|82.8|2015/01/30 05:23|-3|98316|44|-61|wave|http://solardemon.oma.be/science/flares.php?fid=7505|http://solardemon.oma.be/science/dimmings.php?did=3932|http://solardemon.oma.be/science/wave_plots.php?flare_id=7505
2015/01/29 09:58|2015/01/30 10:00|2015/01/30 11:16|C1|7509|8|-68|329.72|0.96|12277|14.1|29.1|2015/01/30 09:57|-3||39||edge|http://solardemon.oma.be/science/flares.php?fid=7509||
2015/01/29 11:36|2015/01/30 11:48|2015/01/30 12:46|M1|7510|-12|9|45.83|0.20|12268|104.9|212.0|2015/01/30 11:42|-6|98310|36|-91|wave|http://solardemon.oma.be/science/flares.php?fid=7510|http://solardemon.oma.be/science/dimmings.php?did=3934|http://solardemon.oma.be/science/wave_plots.php?flare_id=7510
2015/01/29 12:24|2015/01/30 12:32|2015/01/30 12:58|C1|7511|11|-76|320.39|0.98||12.6|76.6|2015/01/30 12:26|-6||18||edge|http://solardemon.oma.be/science/flares.php?fid=7511||
2015/01/29 18:14|2015/01/30 18:16|2015/01/30 18:50|C2|7516|8|-62|331.19|0.93|12277|24.0|50.8|2015/01/30 18:15|-1||19||wave|http://solardemon.oma.be/science/flares.php?fid=7516||http://solardemon.oma.be/science/wave_plots.php?flare_id=7516
2015/01/29 19:38|2015/01/30 20:00|2015/01/30 20:44|C3|7517|-13|13|45.42|0.26|12268|29.1|64.2|2015/01/30 19:53|-7||34|-87|wave|http://solardemon.oma.be/science/flares.php?fid=7517|http://solardemon.oma.be/science/dimmings.php?did=3936|http://solardemon.oma.be/science/wave_plots.php?flare_id=7517
2015/01/29 23:46|2015/01/30 00:00|2015/01/30 00:20|C4|7519|8|-63|327.15|0.90|12277|38.1|85.0|2015/01/30 23:47|-13|98310|18||wave|http://solardemon.oma.be/science/flares.php?fid=7519||http://solardemon.oma.be/science/wave_plots.php?flare_id=7519
2015/01/30 00:36|2015/01/31 00:48|2015/01/31 02:30|M1|7520|-13|17|46.69|0.33|12268|121.3|208.0|2015/01/31 00:44|-4|98312|58|-49|wave|http://solardemon.oma.be/science/flares.php?fid=7520|http://solardemon.oma.be/science/dimmings.php?did=3938|http://solardemon.oma.be/science/wave_plots.php?flare_id=7520
2015/01/30 04:54|2015/01/31 05:04|2015/01/31 05:14|C1|7522|-12|22|49.33|0.38|12268|10.4|||30||11|0|wave|http://solardemon.oma.be/science/flares.php?fid=7522|http://solardemon.oma.be/science/dimmings.php?did=3940|http://solardemon.oma.be/science/wave_plots.php?flare_id=7522
2015/01/30 05:34|2015/01/31 05:38|2015/01/31 05:58|M1|7523|-12|20|46.97|0.36|12268|107.6|173.0|2015/01/31 05:36|-2|98308|13|-172|wave|http://solardemon.oma.be/science/flares.php?fid=7523|http://solardemon.oma.be/science/dimmings.php?did=3941|http://solardemon.oma.be/science/wave_plots.php?flare_id=7523
2015/01/30 06:00|2015/01/31 06:10|2015/01/31 07:34|M1|7524|-13|21|47.73|0.38|12268|107.5|163.0|2015/01/31 06:03|-7|98312|48|-172|wave|http://solardemon.oma.be/science/flares.php?fid=7524|http://solardemon.oma.be/science/dimmings.php?did=3941|http://solardemon.oma.be/science/wave_plots.php?flare_id=7524
2015/01/30 07:36|2015/01/31 07:38|2015/01/31 07:56|C5|7526|-12|21|46.85|0.38|12268|47.7|67.0|2015/01/31 07:37|-1|98306|11|-83|wave|http://solardemon.oma.be/science/flares.php?fid=7526|http://solardemon.oma.be/science/dimmings.php?did=3942|http://solardemon.oma.be/science/wave_plots.php?flare_id=7526
2015/01/30 08:24|2015/01/31 08:28|2015/01/31 08:42|C2|7527|-7|-9|16.41|0.15|12276|21.6|38.2|2015/01/31 08:25|-3||10|-83|wave|http://solardemon.oma.be/science/flares.php?fid=7527|http://solardemon.oma.be/science/dimmings.php?did=3942|http://solardemon.oma.be/science/wave_plots.php?flare_id=7527
2015/01/30 12:14|2015/01/31 12:20|2015/01/31 13:08|M2|7528|8|-52|331.31|0.85|12277|244.3|242.0|2015/01/31 12:16|-4|98306|28||wave|http://solardemon.oma.be/science/flares.php?fid=7528||http://solardemon.oma.be/science/wave_plots.php?flare_id=7528
2015/02/01 04:30|2015/02/02 04:40|2015/02/02 05:04|C1|7536|-13|47|48.22|0.74|12268|12.7|28.1|2015/02/02 04:36|-4||18||wave|http://solardemon.oma.be/science/flares.php?fid=7536||http://solardemon.oma.be/science/wave_plots.php?flare_id=7536
2015/02/01 08:46|2015/02/02 08:48|2015/02/02 08:52|C1|7538|-18|85|83.88|1.00|12275|10.4|18.6|2015/02/02 08:46|-2||4|-86|edge|http://solardemon.oma.be/science/flares.php?fid=7538|http://solardemon.oma.be/science/dimmings.php?did=3946|
2015/02/01 11:30|2015/02/02 11:44|2015/02/02 11:54|C2|7540|-13|48|45.38|0.75|12268|22.7|32.4|2015/02/02 11:33|-11||13||wave|http://solardemon.oma.be/science/flares.php?fid=7540||http://solardemon.oma.be/science/wave_plots.php?flare_id=7540
2015/02/01 21:20|2015/02/02 21:30|2015/02/02 21:42|C2|7544|-13|56|47.99|0.83|12268|20.2|31.0|2015/02/02 21:26|-4||12||wave|http://solardemon.oma.be/science/flares.php?fid=7544||http://solardemon.oma.be/science/wave_plots.php?flare_id=7544
2015/02/03 09:46|2015/02/04 09:50|2015/02/04 09:58|C1|7547|-10|-51|281.00|0.78|12280|10.2|27.4|2015/02/04 09:47|-3||7||wave|http://solardemon.oma.be/science/flares.php?fid=7547||http://solardemon.oma.be/science/wave_plots.php?flare_id=7547
2015/02/04 02:12|2015/02/05 02:20|2015/02/05 02:28|C8|7554|7|12|334.98|0.32|12277|84.2|127.0|2015/02/05 02:15|-5|98307|9|-67|wave|http://solardemon.oma.be/science/flares.php?fid=7554|http://solardemon.oma.be/science/dimmings.php?did=3952|http://solardemon.oma.be/science/wave_plots.php?flare_id=7554
2015/02/04 10:06|2015/02/05 10:08|2015/02/05 10:10|C1|7556|4|21|339.65|0.40|12277|13.8|22.3|2015/02/05 10:07|-1||3||wave|http://solardemon.oma.be/science/flares.php?fid=7556||http://solardemon.oma.be/science/wave_plots.php?flare_id=7556
2015/02/05 09:50|2015/02/06 09:54|2015/02/06 10:06|C2|7559|12|15|320.63|0.40|12277|21.1|33.8|2015/02/06 09:53|-1||9|-62|wave|http://solardemon.oma.be/science/flares.php?fid=7559|http://solardemon.oma.be/science/dimmings.php?did=3959|http://solardemon.oma.be/science/wave_plots.php?flare_id=7559
2015/02/07 10:48|2015/02/08 10:52|2015/02/08 10:58|C1|7562|10|45|323.77|0.75|12277|11.8|18.1|2015/02/08 10:50|-2||6||wave|http://solardemon.oma.be/science/flares.php?fid=7562||http://solardemon.oma.be/science/wave_plots.php?flare_id=7562
2015/02/07 17:48|2015/02/08 17:58|2015/02/08 18:22|C2|7565||||1.01||18.7|23.6|2015/02/08 17:54|-4||18||edge|http://solardemon.oma.be/science/flares.php?fid=7565||
2015/02/07 19:34|2015/02/08 19:44|2015/02/08 19:50|C1|7566|9|55|328.96|0.85|12277|12.0|23.0|2015/02/08 19:38|-6||9||wave|http://solardemon.oma.be/science/flares.php?fid=7566||http://solardemon.oma.be/science/wave_plots.php?flare_id=7566
2015/02/08 05:12|2015/02/09 05:20|2015/02/09 05:26|C2|7567|10|56|324.67|0.86|12277|20.6|26.0|2015/02/09 05:18|-2||8|-77|wave|http://solardemon.oma.be/science/flares.php?fid=7567|http://solardemon.oma.be/science/dimmings.php?did=3965|http://solardemon.oma.be/science/wave_plots.php?flare_id=7567
2015/02/08 11:00|2015/02/09 11:04|2015/02/09 11:38|C2|7570|-7|17|282.49|0.30|12280|16.7|26.1|2015/02/09 11:00|-4||20||wave|http://solardemon.oma.be/science/flares.php?fid=7570||http://solardemon.oma.be/science/wave_plots.php?flare_id=7570
2015/02/08 21:02|2015/02/09 21:06|2015/02/09 22:14|C2|7573|-7|24|283.99|0.42|12280|16.3|31.9|2015/02/09 21:04|-2||37||wave|http://solardemon.oma.be/science/flares.php?fid=7573||http://solardemon.oma.be/science/wave_plots.php?flare_id=7573
2015/02/08 22:18|2015/02/09 22:28|2015/02/09 22:42|C1|7575||||1.00||12.1|||-29||13|-150|edge|http://solardemon.oma.be/science/flares.php?fid=7575|http://solardemon.oma.be/science/dimmings.php?did=3970|
2015/02/09 06:00|2015/02/10 06:10|2015/02/10 06:36|C3|7576|-13|-65|190.07|0.90||29.3|37.9|2015/02/10 06:07|-3||19|-233|wave|http://solardemon.oma.be/science/flares.php?fid=7576|http://solardemon.oma.be/science/dimmings.php?did=3972|http://solardemon.oma.be/science/wave_plots.php?flare_id=7576
2015/02/09 18:30|2015/02/10 19:08|2015/02/10 19:34|C2|7579|-7|37|285.21|0.60|12280|20.9||2015/02/10 19:09|1||33||wave|http://solardemon.oma.be/science/flares.php?fid=7579||http://solardemon.oma.be/science/wave_plots.php?flare_id=7579
2015/02/09 22:40|2015/02/10 23:46|2015/02/10 03:24|M2|7581|13|-59|186.92|0.91|12282|207.9|244.0|2015/02/10 23:35|-11|98321|143|-1186|wave|http://solardemon.oma.be/science/flares.php?fid=7581|http://solardemon.oma.be/science/dimmings.php?did=3975|http://solardemon.oma.be/science/wave_plots.php?flare_id=7581
2015/02/10 02:02|2015/02/11 02:04|2015/02/11 02:26|C3|7582|-8|41|285.08|0.66|12280|34.4|83.2|2015/02/11 02:02|-2|98305|13||wave|http://solardemon.oma.be/science/flares.php?fid=7582||http://solardemon.oma.be/science/wave_plots.php?flare_id=7582
2015/02/10 08:34|2015/02/11 08:48|2015/02/11 09:08|C2|7585|10|-66|174.49|0.94||22.8|27.7|2015/02/11 08:44|-4||18|-18|wave|http://solardemon.oma.be/science/flares.php?fid=7585|http://solardemon.oma.be/science/dimmings.php?did=3977|http://solardemon.oma.be/science/wave_plots.php?flare_id=7585
2015/02/12 02:10|2015/02/13 02:20|2015/02/13 02:42|C2|7589|-7|68|285.67|0.93|12280|23.4|60.7|2015/02/13 02:12|-8||17||wave|http://solardemon.oma.be/science/flares.php?fid=7589||http://solardemon.oma.be/science/wave_plots.php?flare_id=7589
2015/02/18 21:46|2015/02/19 22:12|2015/02/19 22:26|C3|7597|14|62|189.91|0.91|12282|31.7|35.3|2015/02/19 22:08|-4||21||wave|http://solardemon.oma.be/science/flares.php?fid=7597||http://solardemon.oma.be/science/wave_plots.php?flare_id=7597
2015/02/20 15:18|2015/02/21 15:40|2015/02/21 16:04|C2|7600||||1.03||19.1|23.4|2015/02/21 15:21|-19||24||edge|http://solardemon.oma.be/science/flares.php?fid=7600||
2015/02/28 05:26|2015/03/01 05:30|2015/03/01 05:54|C2|7606|-14|17|22.17|0.32|12294|16.5|25.5|2015/03/01 05:28|-2||15||wave|http://solardemon.oma.be/science/flares.php?fid=7606||http://solardemon.oma.be/science/wave_plots.php?flare_id=7606
2015/02/28 09:24|2015/03/01 09:58|2015/03/01 10:38|C7|7607|-13|18|20.99|0.33|12294|66.1|56.6|2015/03/01 09:39|-19|98316|38|-424|wave|http://solardemon.oma.be/science/flares.php?fid=7607|http://solardemon.oma.be/science/dimmings.php?did=3997|http://solardemon.oma.be/science/wave_plots.php?flare_id=7607
2015/02/28 13:40|2015/03/01 13:44|2015/03/01 13:52|C1|7609|19|63|63.65|0.93|12290|10.8|22.4|2015/03/01 13:40|-4||7||wave|http://solardemon.oma.be/science/flares.php?fid=7609||http://solardemon.oma.be/science/wave_plots.php?flare_id=7609
2015/03/01 05:08|2015/03/02 05:18|2015/03/02 05:40|C4|7611|20|67|59.16|0.96|12290|35.8|37.8|2015/03/02 05:13|-5|98306|17|-19|edge|http://solardemon.oma.be/science/flares.php?fid=7611|http://solardemon.oma.be/science/dimmings.php?did=4000|
2015/03/01 15:52|2015/03/02 16:20|2015/03/02 17:16|C6|7612||||1.00||63.6|68.4|2015/03/02 16:13|-7|98312|43|-391|edge|http://solardemon.oma.be/science/flares.php?fid=7612|http://solardemon.oma.be/science/dimmings.php?did=4002|
2015/03/02 02:58|2015/03/03 03:04|2015/03/03 03:16|C1|7614||||1.00||13.9|23.8|2015/03/03 03:01|-3||10||edge|http://solardemon.oma.be/science/flares.php?fid=7614||
2015/03/02 05:56|2015/03/03 06:06|2015/03/03 06:26|C3|7615||||1.02||26.9|||30||16||edge|http://solardemon.oma.be/science/flares.php?fid=7615||
2015/03/02 08:40|2015/03/03 08:50|2015/03/03 09:08|C1|7616||||1.01||13.7|32.1|2015/03/03 08:41|-9||13||edge|http://solardemon.oma.be/science/flares.php?fid=7616||
2015/03/02 09:16|2015/03/03 11:00|2015/03/03 13:02|C5|7617||||1.02||45.4|||-26|98351|114||edge|http://solardemon.oma.be/science/flares.php?fid=7617||
2015/03/02 13:04|2015/03/03 13:10|2015/03/03 14:02|C2|7618||||1.02||23.4|34.3|2015/03/03 13:07|-3||30||edge|http://solardemon.oma.be/science/flares.php?fid=7618||
2015/03/02 14:12|2015/03/03 15:36|2015/03/03 18:46|M4|7619||||1.02||389.2|377.0|2015/03/03 15:28|-8|98341|138|-137|edge|http://solardemon.oma.be/science/flares.php?fid=7619|http://solardemon.oma.be/science/dimmings.php?did=4003|
2015/03/02 19:28|2015/03/03 19:36|2015/03/03 20:24|M1|7620||||1.02||120.6|412.0|2015/03/03 19:31|-5|98312|29|-29|edge|http://solardemon.oma.be/science/flares.php?fid=7620|http://solardemon.oma.be/science/dimmings.php?did=4004|
2015/03/02 23:04|2015/03/03 23:36|2015/03/03 00:08|C3|7622||||1.02||26.9|60.5|2015/03/03 23:16|-20||33||edge|http://solardemon.oma.be/science/flares.php?fid=7622||
2015/03/03 00:22|2015/03/04 00:36|2015/03/04 00:52|C1|7623||||1.01||12.6|35.8|2015/03/04 00:27|-9||16||edge|http://solardemon.oma.be/science/flares.php?fid=7623||
2015/03/03 01:30|2015/03/04 01:38|2015/03/04 03:38|X1|7624||||1.02||1040.8|822.0|2015/03/04 01:35|-3|98323|65|-389|edge|http://solardemon.oma.be/science/flares.php?fid=7624|http://solardemon.oma.be/science/dimmings.php?did=4005|
2015/03/03 13:38|2015/03/04 13:52|2015/03/04 14:24|C3|7625||||1.02||29.5|41.0|2015/03/04 13:37|-15||24||edge|http://solardemon.oma.be/science/flares.php?fid=7625||
2015/03/04 10:16|2015/03/05 10:46|2015/03/05 11:20|C3|7626|-8|68|17.82|0.92|12292|28.0|28.0|2015/03/05 10:39|-7||33||wave|http://solardemon.oma.be/science/flares.php?fid=7626||http://solardemon.oma.be/science/wave_plots.php?flare_id=7626
2015/03/05 09:44|2015/03/06 09:54|2015/03/06 10:18|C2|7629||||1.02||15.5|35.6|2015/03/06 09:47|-7||18||edge|http://solardemon.oma.be/science/flares.php?fid=7629||
2015/03/05 17:20|2015/03/06 17:28|2015/03/06 17:54|C2|7630||||1.02||21.2|35.4|2015/03/06 17:24|-4||18|-220|edge|http://solardemon.oma.be/science/flares.php?fid=7630|http://solardemon.oma.be/science/dimmings.php?did=4007|
2015/03/05 18:02|2015/03/06 18:16|2015/03/06 18:48|C6|7631||||1.02||57.7|122.0|2015/03/06 18:11|-5|98309|24|-220|edge|http://solardemon.oma.be/science/flares.php?fid=7631|http://solardemon.oma.be/science/dimmings.php?did=4007|
2015/03/05 19:54|2015/03/06 19:58|2015/03/06 20:10|C1|7632||||1.01||13.7|40.3|2015/03/06 19:55|-3||9||edge|http://solardemon.oma.be/science/flares.php?fid=7632||
2015/03/06 01:24|2015/03/07 02:06|2015/03/07 02:26|C2|7634||||1.02||16.3|35.8|2015/03/07 01:59|-7||32|-36|edge|http://solardemon.oma.be/science/flares.php?fid=7634|http://solardemon.oma.be/science/dimmings.php?did=4009|
2015/03/06 02:38|2015/03/07 02:42|2015/03/07 02:48|C1|7635||||1.01||13.6|38.2|2015/03/07 02:38|-4||6|-36|edge|http://solardemon.oma.be/science/flares.php?fid=7635|http://solardemon.oma.be/science/dimmings.php?did=4009|
2015/03/06 04:18|2015/03/07 05:04|2015/03/07 06:20|M2|7636||||1.03||226.7|310.0|2015/03/07 04:57|-7|98324|62|-396|edge|http://solardemon.oma.be/science/flares.php?fid=7636|http://solardemon.oma.be/science/dimmings.php?did=4010|
2015/03/06 08:18|2015/03/07 08:22|2015/03/07 10:56|M2|7637||||1.08||165.0|154.0|2015/03/07 08:15|-7|98308|78||edge|http://solardemon.oma.be/science/flares.php?fid=7637||
2015/03/06 15:52|2015/03/07 16:12|2015/03/07 16:40|C2|7639||||1.01||19.6|27.2|2015/03/07 16:06|-6||25||edge|http://solardemon.oma.be/science/flares.php?fid=7639||
2015/03/06 21:12|2015/03/07 21:16|2015/03/07 21:20|C1|7640|-18|-84|193.47|1.00||11.4|22.8|2015/03/07 21:11|-5||5||edge|http://solardemon.oma.be/science/flares.php?fid=7640||
2015/03/06 23:40|2015/03/07 23:44|2015/03/07 23:54|C1|7642|-19|-83|193.12|0.99||13.0|22.6|2015/03/07 23:41|-3||8||edge|http://solardemon.oma.be/science/flares.php?fid=7642||
2015/03/07 21:50|2015/03/08 22:38|2015/03/08 04:10|M7|7646|-20|-72|191.95|0.98|12297|651.8|928.0|2015/03/08 22:22|-16|98334|191|-502|edge|http://solardemon.oma.be/science/flares.php?fid=7646|http://solardemon.oma.be/science/dimmings.php?did=4019|
2015/03/08 09:18|2015/03/09 09:30|2015/03/09 09:42|C2|7647|-16|-58|199.65|0.85|12297|18.3||2015/03/09 09:46|16||13|-114|wave|http://solardemon.oma.be/science/flares.php?fid=7647|http://solardemon.oma.be/science/dimmings.php?did=4023|http://solardemon.oma.be/science/wave_plots.php?flare_id=7647
2015/03/09 05:48|2015/03/10 05:52|2015/03/10 06:12|C2|7651|-15|-46|200.40|0.72|12297|17.2||2015/03/10 06:02|10||13|-69|wave|http://solardemon.oma.be/science/flares.php?fid=7651|http://solardemon.oma.be/science/dimmings.php?did=4031|http://solardemon.oma.be/science/wave_plots.php?flare_id=7651
2015/03/09 10:06|2015/03/10 10:12|2015/03/10 10:28|C3|7652|-15|-49|195.04|0.76|12297|28.1|40.4|2015/03/10 10:08|-4||12|-157|wave|http://solardemon.oma.be/science/flares.php?fid=7652|http://solardemon.oma.be/science/dimmings.php?did=4032|http://solardemon.oma.be/science/wave_plots.php?flare_id=7652
2015/03/09 14:26|2015/03/10 14:36|2015/03/10 14:54|M4|7654|-16|-49|192.66|0.76|12297|389.9|453.0|2015/03/10 14:33|-3|98308|15|-28|wave|http://solardemon.oma.be/science/flares.php?fid=7654|http://solardemon.oma.be/science/dimmings.php?did=4033|http://solardemon.oma.be/science/wave_plots.php?flare_id=7654
2015/03/09 17:40|2015/03/10 17:46|2015/03/10 18:02|C5|7655|-15|-45|194.88|0.71|12297|54.3|91.9|2015/03/10 17:42|-4|98307|12|-29|wave|http://solardemon.oma.be/science/flares.php?fid=7655|http://solardemon.oma.be/science/dimmings.php?did=4034|http://solardemon.oma.be/science/wave_plots.php?flare_id=7655
2015/03/09 23:04|2015/03/10 23:12|2015/03/10 23:16|C1|7659|-16|-43|193.92|0.69|12297|10.6|||30||7|-694|wave|http://solardemon.oma.be/science/flares.php?fid=7659|http://solardemon.oma.be/science/dimmings.php?did=4036|http://solardemon.oma.be/science/wave_plots.php?flare_id=7659
2015/03/09 23:38|2015/03/10 00:00|2015/03/10 01:34|M5|7660|-19|-46|190.61|0.74|12297|513.8|584.0|2015/03/10 23:53|-7|98313|59|-694|wave|http://solardemon.oma.be/science/flares.php?fid=7660|http://solardemon.oma.be/science/dimmings.php?did=4036|http://solardemon.oma.be/science/wave_plots.php?flare_id=7660
2015/03/10 03:22|2015/03/11 03:26|2015/03/11 03:44|M6|7661|-15|-40|194.56|0.65|12297|569.3|519.0|2015/03/11 03:24|-2|98307|12|-67|wave|http://solardemon.oma.be/science/flares.php?fid=7661|http://solardemon.oma.be/science/dimmings.php?did=4037|http://solardemon.oma.be/science/wave_plots.php?flare_id=7661
2015/03/10 04:14|2015/03/11 04:28|2015/03/11 04:38|C4|7662|-16|-41|193.08|0.66|12297|35.3|45.9|2015/03/11 04:25|-3|98305|12|-67|wave|http://solardemon.oma.be/science/flares.php?fid=7662|http://solardemon.oma.be/science/dimmings.php?did=4037|http://solardemon.oma.be/science/wave_plots.php?flare_id=7662
2015/03/10 20:52|2015/03/11 21:10|2015/03/11 21:22|C3|7666|-15|-29|195.95|0.51|12297|30.5|47.2|2015/03/11 20:56|-14||15||wave|http://solardemon.oma.be/science/flares.php?fid=7666||http://solardemon.oma.be/science/wave_plots.php?flare_id=7666
2015/03/10 23:08|2015/03/11 00:04|2015/03/11 00:22|M3|7668|-16|-28|195.71|0.50|12297|268.5|291.0|2015/03/11 00:02|-2|98308|38|-67|wave|http://solardemon.oma.be/science/flares.php?fid=7668|http://solardemon.oma.be/science/dimmings.php?did=4039|http://solardemon.oma.be/science/wave_plots.php?flare_id=7668
2015/03/11 00:24|2015/03/12 00:26|2015/03/12 01:24|C4|7669|-16|-29|194.01|0.51|12297|43.6|291.0|2015/03/12 00:02|-24|98317|31|-67|wave|http://solardemon.oma.be/science/flares.php?fid=7669|http://solardemon.oma.be/science/dimmings.php?did=4039|http://solardemon.oma.be/science/wave_plots.php?flare_id=7669
2015/03/11 02:16|2015/03/12 02:24|2015/03/12 03:06|C2|7670|-16|-28|193.98|0.49|12297|17.1|28.1|2015/03/12 02:19|-5||26||wave|http://solardemon.oma.be/science/flares.php?fid=7670||http://solardemon.oma.be/science/wave_plots.php?flare_id=7670
2015/03/11 04:52|2015/03/12 05:08|2015/03/12 05:46|C3|7671|-15|-25|195.56|0.46|12297|31.4|45.3|2015/03/12 05:03|-5||28|0|wave|http://solardemon.oma.be/science/flares.php?fid=7671|http://solardemon.oma.be/science/dimmings.php?did=4040|http://solardemon.oma.be/science/wave_plots.php?flare_id=7671
2015/03/11 06:08|2015/03/12 06:12|2015/03/12 06:16|C1|7672|-15|-24|195.86|0.43|12297|12.4|27.6|2015/03/12 06:09|-3|65537|5|0|wave|http://solardemon.oma.be/science/flares.php?fid=7672|http://solardemon.oma.be/science/dimmings.php?did=4040|http://solardemon.oma.be/science/wave_plots.php?flare_id=7672
2015/03/11 07:56|2015/03/12 08:02|2015/03/12 08:52|M2|7673|-15|-24|194.87|0.44|12297|197.5|262.0|2015/03/12 07:57|-5|98313|27|-72|wave|http://solardemon.oma.be/science/flares.php?fid=7673|http://solardemon.oma.be/science/dimmings.php?did=4041|http://solardemon.oma.be/science/wave_plots.php?flare_id=7673
2015/03/11 11:28|2015/03/12 11:50|2015/03/12 12:48|C3|7675|-17|-24|192.93|0.43|12297|31.0|58.1|2015/03/12 11:34|-16||41||wave|http://solardemon.oma.be/science/flares.php?fid=7675||http://solardemon.oma.be/science/wave_plots.php?flare_id=7675
2015/03/11 16:16|2015/03/12 16:26|2015/03/12 17:40|X1|7679|-17|-22|192.30|0.41|12297|1285.4|2200.0|2015/03/12 16:22|-4|98309|43|-640|wave|http://solardemon.oma.be/science/flares.php?fid=7679|http://solardemon.oma.be/science/dimmings.php?did=4043|http://solardemon.oma.be/science/wave_plots.php?flare_id=7679
2015/03/11 18:42|2015/03/12 18:54|2015/03/12 19:12|C5|7680|-15|-18|194.96|0.34|12297|52.1|105.0|2015/03/12 18:51|-3|98309|16|-21|wave|http://solardemon.oma.be/science/flares.php?fid=7680|http://solardemon.oma.be/science/dimmings.php?did=4044|http://solardemon.oma.be/science/wave_plots.php?flare_id=7680
2015/03/11 22:14|2015/03/12 22:24|2015/03/12 23:36|C5|7681|-15|-17|194.02|0.33|12297|50.2|78.9|2015/03/12 22:19|-5|98318|42||wave|http://solardemon.oma.be/science/flares.php?fid=7681||http://solardemon.oma.be/science/wave_plots.php?flare_id=7681
2015/03/11 22:28|2015/03/12 22:36|2015/03/12 22:46|C1|7682|-7|-78|132.89|0.98||14.7|78.9|2015/03/12 22:19|-17||10||edge|http://solardemon.oma.be/science/flares.php?fid=7682||
2015/03/11 23:38|2015/03/12 23:58|2015/03/12 00:22|C3|7683|-17|-16|194.25|0.33|12297|34.0|69.1|2015/03/12 23:45|-13|98306|23|-245|wave|http://solardemon.oma.be/science/flares.php?fid=7683|http://solardemon.oma.be/science/dimmings.php?did=4047|http://solardemon.oma.be/science/wave_plots.php?flare_id=7683
2015/03/12 02:14|2015/03/13 02:20|2015/03/13 02:58|C9|7685|-7|-75|133.83|0.98||94.4|71.5|2015/03/13 02:18|-2|98306|23|-222|edge|http://solardemon.oma.be/science/flares.php?fid=7685|http://solardemon.oma.be/science/dimmings.php?did=4048|
2015/03/12 03:22|2015/03/13 03:38|2015/03/13 04:32|C4|7686|-15|-15|193.20|0.28|12297|39.3|57.2|2015/03/13 03:23|-15|98317|36||wave|http://solardemon.oma.be/science/flares.php?fid=7686||http://solardemon.oma.be/science/wave_plots.php?flare_id=7686
2015/03/12 04:44|2015/03/13 04:50|2015/03/13 05:52|M1|7687|-15|-12|195.45|0.26|12297|106.8|328.0|2015/03/13 04:46|-4|98316|35|-163|wave|http://solardemon.oma.be/science/flares.php?fid=7687|http://solardemon.oma.be/science/dimmings.php?did=4049|http://solardemon.oma.be/science/wave_plots.php?flare_id=7687
2015/03/12 08:12|2015/03/13 08:20|2015/03/13 08:44|C3|7688|-17|-12|193.55|0.26|12297|25.3|43.7|2015/03/13 08:15|-5||15||wave|http://solardemon.oma.be/science/flares.php?fid=7688||http://solardemon.oma.be/science/wave_plots.php?flare_id=7688
2015/03/12 09:10|2015/03/13 09:24|2015/03/13 10:16|C3|7690|-17|-13|192.02|0.28|12297|29.2||2015/03/13 09:48|24||34||wave|http://solardemon.oma.be/science/flares.php?fid=7690||http://solardemon.oma.be/science/wave_plots.php?flare_id=7690
2015/03/12 11:44|2015/03/13 12:16|2015/03/13 12:52|M1|7692|-18|-8|195.61|0.26|12297|103.0|||-26|98310|35|-109|wave|http://solardemon.oma.be/science/flares.php?fid=7692|http://solardemon.oma.be/science/dimmings.php?did=4051|http://solardemon.oma.be/science/wave_plots.php?flare_id=7692
2015/03/12 13:50|2015/03/13 14:10|2015/03/13 14:26|M3|7693|-15|-6|196.46|0.17|12297|347.2|424.0|2015/03/13 14:08|-2|98308|19|-48|wave|http://solardemon.oma.be/science/flares.php?fid=7693|http://solardemon.oma.be/science/dimmings.php?did=4052|http://solardemon.oma.be/science/wave_plots.php?flare_id=7693
2015/03/12 20:28|2015/03/13 20:38|2015/03/13 21:10|C4|7695|-17|-5|193.81|0.19|12297|41.9|48.4|2015/03/13 20:34|-4|98307|21||wave|http://solardemon.oma.be/science/flares.php?fid=7695||http://solardemon.oma.be/science/wave_plots.php?flare_id=7695
2015/03/12 21:48|2015/03/13 21:56|2015/03/13 22:14|M2|7696|-15|-2|196.08|0.15|12297|161.1|277.0|2015/03/13 21:51|-5|98310|14|-78|wave|http://solardemon.oma.be/science/flares.php?fid=7696|http://solardemon.oma.be/science/dimmings.php?did=4055|http://solardemon.oma.be/science/wave_plots.php?flare_id=7696
2015/03/12 22:16|2015/03/13 22:42|2015/03/13 23:16|C3|7697|-17|-5|192.83|0.18|12297|29.2|36.9|2015/03/13 22:38|-4||31|-78|wave|http://solardemon.oma.be/science/flares.php?fid=7697|http://solardemon.oma.be/science/dimmings.php?did=4055|http://solardemon.oma.be/science/wave_plots.php?flare_id=7697
2015/03/12 23:28|2015/03/13 23:38|2015/03/13 23:50|C1|7698|-17|-5|192.17|0.19|12297|10.5|19.7|2015/03/13 23:30|-8||12||wave|http://solardemon.oma.be/science/flares.php?fid=7698||http://solardemon.oma.be/science/wave_plots.php?flare_id=7698
2015/03/13 00:34|2015/03/14 01:12|2015/03/14 01:22|C1|7699|-17|-5|191.56|0.19|12297|11.0|20.8|2015/03/14 01:07|-5||25||wave|http://solardemon.oma.be/science/flares.php?fid=7699||http://solardemon.oma.be/science/wave_plots.php?flare_id=7699
2015/03/13 03:54|2015/03/14 04:12|2015/03/14 05:00|C8|7700|-17|-4|190.73|0.19|12297|77.9|124.0|2015/03/14 04:01|-11|98310|34|-56|wave|http://solardemon.oma.be/science/flares.php?fid=7700|http://solardemon.oma.be/science/dimmings.php?did=4057|http://solardemon.oma.be/science/wave_plots.php?flare_id=7700
2015/03/13 05:52|2015/03/14 06:10|2015/03/14 06:18|M1|7701|-15|3|196.65|0.14|12297|95.8|188.0|2015/03/14 06:07|-3|98311|14||wave|http://solardemon.oma.be/science/flares.php?fid=7701||http://solardemon.oma.be/science/wave_plots.php?flare_id=7701
2015/03/13 10:54|2015/03/14 11:20|2015/03/14 11:38|C1|7703|-14|5|195.89|0.16|12297|12.3||2015/03/14 11:23|3||22||wave|http://solardemon.oma.be/science/flares.php?fid=7703||http://solardemon.oma.be/science/wave_plots.php?flare_id=7703
2015/03/13 20:42|2015/03/14 20:52|2015/03/14 21:20|C4|7704|-15|11|196.51|0.21|12297|37.9|62.9|2015/03/14 20:46|-6|98306|19|-25|wave|http://solardemon.oma.be/science/flares.php?fid=7704|http://solardemon.oma.be/science/dimmings.php?did=4060|http://solardemon.oma.be/science/wave_plots.php?flare_id=7704
2015/03/14 01:52|2015/03/15 02:00|2015/03/15 02:18|C1|7707|-14|14|196.67|0.27|12297|11.8|23.6|2015/03/15 01:53|-7||14||wave|http://solardemon.oma.be/science/flares.php?fid=7707||http://solardemon.oma.be/science/wave_plots.php?flare_id=7707
2015/03/14 04:30|2015/03/15 04:52|2015/03/15 05:20|M1|7709|-14|14|195.22|0.27|12297|101.6|140.0|2015/03/15 04:40|-12|98316|26|-55|wave|http://solardemon.oma.be/science/flares.php?fid=7709|http://solardemon.oma.be/science/dimmings.php?did=4062|http://solardemon.oma.be/science/wave_plots.php?flare_id=7709
2015/03/14 08:02|2015/03/15 08:58|2015/03/15 09:54|C1|7711|-16|14|193.28|0.28|12297|12.3|||-29||55|-56|wave|http://solardemon.oma.be/science/flares.php?fid=7711|http://solardemon.oma.be/science/dimmings.php?did=4065|http://solardemon.oma.be/science/wave_plots.php?flare_id=7711
2015/03/14 11:52|2015/03/15 11:56|2015/03/15 12:08|C1|7712|-19|20|197.18|0.39|12297|11.5|26.4|2015/03/15 11:55|-1||9|-81|wave|http://solardemon.oma.be/science/flares.php?fid=7712|http://solardemon.oma.be/science/dimmings.php?did=4066|http://solardemon.oma.be/science/wave_plots.php?flare_id=7712
2015/03/14 18:44|2015/03/15 18:46|2015/03/15 19:00|C3|7714|-16|22|195.41|0.39|12297|29.7|53.9|2015/03/15 18:45|-1||9||wave|http://solardemon.oma.be/science/flares.php?fid=7714||http://solardemon.oma.be/science/wave_plots.php?flare_id=7714
2015/03/14 23:12|2015/03/15 23:16|2015/03/15 23:18|C1|7718|-15|24|194.95|0.42|12297|11.2|19.2|2015/03/15 23:14|-2||4||wave|http://solardemon.oma.be/science/flares.php?fid=7718||http://solardemon.oma.be/science/wave_plots.php?flare_id=7718
2015/03/15 00:40|2015/03/16 00:44|2015/03/16 00:48|C1|7719|-17|27|197.15|0.48|12297|14.1|24.7|2015/03/16 00:41|-3||5|-853|wave|http://solardemon.oma.be/science/flares.php?fid=7719|http://solardemon.oma.be/science/dimmings.php?did=4067|http://solardemon.oma.be/science/wave_plots.php?flare_id=7719
2015/03/15 01:42|2015/03/16 02:22|2015/03/16 03:44|M1|7720|-23|29|198.58|0.54|12297|97.9|91.8|2015/03/16 02:13|-9|98330|62|-853|wave|http://solardemon.oma.be/science/flares.php?fid=7720|http://solardemon.oma.be/science/dimmings.php?did=4067|http://solardemon.oma.be/science/wave_plots.php?flare_id=7720
2015/03/15 09:38|2015/03/16 09:46|2015/03/16 10:00|C6|7721|-20|25|190.22|0.46|12297|57.0||2015/03/16 09:49|3|98307|12||wave|http://solardemon.oma.be/science/flares.php?fid=7721||http://solardemon.oma.be/science/wave_plots.php?flare_id=7721
2015/03/15 11:36|2015/03/16 12:12|2015/03/16 12:52|C5|7722|-19|27|191.14|0.49|12297|50.7|68.5|2015/03/16 12:03|-9|98315|39||wave|http://solardemon.oma.be/science/flares.php?fid=7722||http://solardemon.oma.be/science/wave_plots.php?flare_id=7722
2015/03/15 13:06|2015/03/16 13:08|2015/03/16 13:14|C2|7723|-17|32|195.32|0.55|12297|15.2|24.8|2015/03/16 13:06|-2||5||wave|http://solardemon.oma.be/science/flares.php?fid=7723||http://solardemon.oma.be/science/wave_plots.php?flare_id=7723
2015/03/15 22:46|2015/03/16 23:30|2015/03/16 00:58|C8|7726|-19|32|190.01|0.56|12297|75.5|128.0|2015/03/16 23:22|-8|98328|67|-351|wave|http://solardemon.oma.be/science/flares.php?fid=7726|http://solardemon.oma.be/science/dimmings.php?did=4071|http://solardemon.oma.be/science/wave_plots.php?flare_id=7726
2015/03/16 09:46|2015/03/17 09:58|2015/03/17 10:08|C1|7728|-17|41|192.97|0.66|12297|11.6|18.9|2015/03/17 09:52|-6||12||wave|http://solardemon.oma.be/science/flares.php?fid=7728||http://solardemon.oma.be/science/wave_plots.php?flare_id=7728
2015/03/16 10:44|2015/03/17 11:12|2015/03/17 11:58|M1|7729|-18|39|190.44|0.64|12297|103.5|168.0|2015/03/17 10:58|-14|98313|38|-420|wave|http://solardemon.oma.be/science/flares.php?fid=7729|http://solardemon.oma.be/science/dimmings.php?did=4072|http://solardemon.oma.be/science/wave_plots.php?flare_id=7729
2015/03/16 13:54|2015/03/17 13:56|2015/03/17 14:04|C2|7731|-17|40|189.70|0.66|12297|19.4|28.4|2015/03/17 13:54|-2||6||wave|http://solardemon.oma.be/science/flares.php?fid=7731||http://solardemon.oma.be/science/wave_plots.php?flare_id=7731
2015/03/16 20:02|2015/03/17 20:16|2015/03/17 20:38|C4|7733|-17|44|190.33|0.70|12297|42.8|||30|98307|19|-18|wave|http://solardemon.oma.be/science/flares.php?fid=7733|http://solardemon.oma.be/science/dimmings.php?did=4073|http://solardemon.oma.be/science/wave_plots.php?flare_id=7733
2015/03/16 20:44|2015/03/17 20:56|2015/03/17 21:32|C7|7734|-21|49|194.95|0.77|12297|70.6|81.7|2015/03/17 20:49|-7|98308|24||wave|http://solardemon.oma.be/science/flares.php?fid=7734||http://solardemon.oma.be/science/wave_plots.php?flare_id=7734
2015/03/17 23:04|2015/03/18 23:38|2015/03/18 00:12|M1|7737|-17|64|195.49|0.87|12297|131.9|105.0|2015/03/18 23:34|-4|98309|35|-58|wave|http://solardemon.oma.be/science/flares.php?fid=7737|http://solardemon.oma.be/science/dimmings.php?did=4074|http://solardemon.oma.be/science/wave_plots.php?flare_id=7737
2015/03/18 03:46|2015/03/19 04:00|2015/03/19 04:36|C4|7740|-18|61|189.90|0.88|12297|43.1|61.5|2015/03/19 03:59|-1|98309|26||wave|http://solardemon.oma.be/science/flares.php?fid=7740||http://solardemon.oma.be/science/wave_plots.php?flare_id=7740
2015/03/18 07:44|2015/03/19 07:54|2015/03/19 08:32|C7|7742|11|59|185.72|0.90|12302|73.3|93.3|2015/03/19 07:51|-3|98309|25||wave|http://solardemon.oma.be/science/flares.php?fid=7742||http://solardemon.oma.be/science/wave_plots.php?flare_id=7742
2015/03/18 09:36|2015/03/19 10:38|2015/03/19 11:08|C4|7743|11|62|187.70|0.91|12302|35.5|55.4|2015/03/19 10:30|-8|98307|45||wave|http://solardemon.oma.be/science/flares.php?fid=7743||http://solardemon.oma.be/science/wave_plots.php?flare_id=7743
2015/03/18 12:56|2015/03/19 13:20|2015/03/19 13:46|C4|7746|11|63|186.87|0.92|12302|43.5|38.4|2015/03/19 13:14|-6|98309|26||wave|http://solardemon.oma.be/science/flares.php?fid=7746||http://solardemon.oma.be/science/wave_plots.php?flare_id=7746
2015/03/18 16:10|2015/03/19 16:36|2015/03/19 16:56|C5|7748|-18|68|190.09|0.93|12297|49.0|76.3|2015/03/19 16:31|-5|98308|24|-109|wave|http://solardemon.oma.be/science/flares.php?fid=7748|http://solardemon.oma.be/science/dimmings.php?did=4075|http://solardemon.oma.be/science/wave_plots.php?flare_id=7748
2015/03/18 16:32|2015/03/19 16:42|2015/03/19 17:06|C2|7749|11|65|186.89|0.93|12302|23.7|76.3|2015/03/19 16:31|-11||18||wave|http://solardemon.oma.be/science/flares.php?fid=7749||http://solardemon.oma.be/science/wave_plots.php?flare_id=7749
2015/03/18 22:36|2015/03/19 23:04|2015/03/19 23:14|C3|7752|11|68|186.56|0.95|12302|28.6|34.6|2015/03/19 23:01|-3||18||wave|http://solardemon.oma.be/science/flares.php?fid=7752||http://solardemon.oma.be/science/wave_plots.php?flare_id=7752
2015/03/19 01:08|2015/03/20 01:34|2015/03/20 01:48|C1|7753|11|70|187.17|0.96|12302|13.0|22.4|2015/03/20 01:31|-3||19||edge|http://solardemon.oma.be/science/flares.php?fid=7753||
2015/03/20 01:16|2015/03/21 01:40|2015/03/21 03:10|C7|7754||||1.03||68.6|79.0|2015/03/21 01:33|-7|98314|58|-571|edge|http://solardemon.oma.be/science/flares.php?fid=7754|http://solardemon.oma.be/science/dimmings.php?did=4076|
2015/03/22 22:18|2015/03/23 22:22|2015/03/23 22:30|C1|7758||||1.02||12.3|13.8|2015/03/23 22:18|-4||7||edge|http://solardemon.oma.be/science/flares.php?fid=7758||
2015/03/23 09:06|2015/03/24 09:18|2015/03/24 09:34|C5|7759||||1.01||45.7|||28|98307|15||edge|http://solardemon.oma.be/science/flares.php?fid=7759||
2015/03/24 05:54|2015/03/25 05:58|2015/03/25 06:06|C1|7762|-26|-78|330.63|0.98||13.8|15.7|2015/03/25 05:54|-4||7||edge|http://solardemon.oma.be/science/flares.php?fid=7762||
2015/03/25 01:44|2015/03/26 01:50|2015/03/26 01:56|C1|7763|-9|-23|14.73|0.39|12305|14.3|26.5|2015/03/26 01:44|-6||7||wave|http://solardemon.oma.be/science/flares.php?fid=7763||http://solardemon.oma.be/science/wave_plots.php?flare_id=7763
2015/03/25 04:42|2015/03/26 05:18|2015/03/26 05:50|C5|7765|-9|-34|2.10|0.54|12305|52.2|||-29|98315|35||wave|http://solardemon.oma.be/science/flares.php?fid=7765||http://solardemon.oma.be/science/wave_plots.php?flare_id=7765
2015/03/25 08:28|2015/03/26 08:30|2015/03/26 08:38|C3|7767|10|-49|345.03|0.79|12312|27.9|33.0|2015/03/26 08:29|-1||6|-111|wave|http://solardemon.oma.be/science/flares.php?fid=7767|http://solardemon.oma.be/science/dimmings.php?did=4081|http://solardemon.oma.be/science/wave_plots.php?flare_id=7767
2015/03/25 16:38|2015/03/26 16:54|2015/03/26 17:10|C2|7769|-9|-26|3.54|0.43|12305|18.7|33.8|2015/03/26 16:45|-9||17||wave|http://solardemon.oma.be/science/flares.php?fid=7769||http://solardemon.oma.be/science/wave_plots.php?flare_id=7769
2015/03/26 00:12|2015/03/27 00:32|2015/03/27 00:52|C2|7771|-8|-22|3.39|0.37|12305|18.5|28.6|2015/03/27 00:20|-12||21|0|wave|http://solardemon.oma.be/science/flares.php?fid=7771|http://solardemon.oma.be/science/dimmings.php?did=4084|http://solardemon.oma.be/science/wave_plots.php?flare_id=7771
2015/03/28 12:28|2015/03/29 12:32|2015/03/29 12:36|C1|7773|4|5|357.27|0.21|12310|13.2|20.4|2015/03/29 12:30|-2||5|-38|wave|http://solardemon.oma.be/science/flares.php?fid=7773|http://solardemon.oma.be/science/dimmings.php?did=4086|http://solardemon.oma.be/science/wave_plots.php?flare_id=7773
2015/03/28 16:08|2015/03/29 16:14|2015/03/29 16:26|C1|7774|18|70|60.25|0.97|12303|10.0|24.4|2015/03/29 16:07|-7||10||edge|http://solardemon.oma.be/science/flares.php?fid=7774||
2015/03/29 13:24|2015/03/30 13:50|2015/03/30 14:30|C1|7777||||1.01||12.5|||-27||34||edge|http://solardemon.oma.be/science/flares.php?fid=7777||
2015/03/29 15:32|2015/03/30 15:40|2015/03/30 15:56|C1|7778||||1.01||14.7|32.9|2015/03/30 15:30|-10||13|-24|edge|http://solardemon.oma.be/science/flares.php?fid=7778|http://solardemon.oma.be/science/dimmings.php?did=4088|
2015/03/30 01:44|2015/03/31 02:10|2015/03/31 02:40|C5|7779||||1.03||51.2|47.3|2015/03/31 01:52|-18|98310|29||edge|http://solardemon.oma.be/science/flares.php?fid=7779||
2015/03/30 22:04|2015/03/31 22:14|2015/03/31 22:30|C2|7782||||1.01||15.1|41.7|2015/03/31 22:05|-9||14||edge|http://solardemon.oma.be/science/flares.php?fid=7782||
2015/04/04 23:04|2015/04/05 23:12|2015/04/05 23:36|C2|7785|12|77|331.10|0.99|12317|23.9|||30||17||edge|http://solardemon.oma.be/science/flares.php?fid=7785||
2015/04/05 20:46|2015/04/06 21:10|2015/04/06 21:52|C3|7788|-12|-35|207.17|0.57|12320|29.7|30.9|2015/04/06 21:00|-10||33|-345|wave|http://solardemon.oma.be/science/flares.php?fid=7788|http://solardemon.oma.be/science/dimmings.php?did=4097|http://solardemon.oma.be/science/wave_plots.php?flare_id=7788
2015/04/06 19:06|2015/04/07 19:06|2015/04/07 19:10|C1|7789|-15|-19|210.89|0.36|12320|12.9|30.8|2015/04/07 19:06|-0||3|-493|wave|http://solardemon.oma.be/science/flares.php?fid=7789|http://solardemon.oma.be/science/dimmings.php?did=4101|http://solardemon.oma.be/science/wave_plots.php?flare_id=7789
2015/04/08 14:42|2015/04/09 14:46|2015/04/09 15:34|M1|7794|-14|4|209.91|0.18|12320|100.2|143.0|2015/04/09 14:43|-3|98308|27|-73|wave|http://solardemon.oma.be/science/flares.php?fid=7794|http://solardemon.oma.be/science/dimmings.php?did=4106|http://solardemon.oma.be/science/wave_plots.php?flare_id=7794
2015/04/09 06:30|2015/04/10 06:38|2015/04/10 07:18|C4|7795|-14|14|211.22|0.30|12320|38.5|54.4|2015/04/10 06:35|-3|98311|25||wave|http://solardemon.oma.be/science/flares.php?fid=7795||http://solardemon.oma.be/science/wave_plots.php?flare_id=7795
2015/04/09 17:18|2015/04/10 17:32|2015/04/10 17:50|C6|7796|-14|20|211.28|0.37|12320|59.4|59.5|2015/04/10 17:29|-3|98311|17|-81|wave|http://solardemon.oma.be/science/flares.php?fid=7796|http://solardemon.oma.be/science/dimmings.php?did=4110|http://solardemon.oma.be/science/wave_plots.php?flare_id=7796
2015/04/09 18:56|2015/04/10 19:04|2015/04/10 19:24|C5|7797|-14|22|212.38|0.40|12320|46.6|62.4|2015/04/10 19:01|-3|98306|15|-178|wave|http://solardemon.oma.be/science/flares.php?fid=7797|http://solardemon.oma.be/science/dimmings.php?did=4111|http://solardemon.oma.be/science/wave_plots.php?flare_id=7797
2015/04/09 23:40|2015/04/10 23:48|2015/04/10 00:00|C3|7798|-15|21|208.78|0.38|12320|28.4|33.0|2015/04/10 23:45|-3||11|-21|wave|http://solardemon.oma.be/science/flares.php?fid=7798|http://solardemon.oma.be/science/dimmings.php?did=4113|http://solardemon.oma.be/science/wave_plots.php?flare_id=7798
2015/04/10 08:02|2015/04/11 08:04|2015/04/11 08:12|C5|7800|-14|30|213.18|0.51|12320|49.7|79.6|2015/04/11 08:03|-1|98306|6|-105|wave|http://solardemon.oma.be/science/flares.php?fid=7800|http://solardemon.oma.be/science/dimmings.php?did=4115|http://solardemon.oma.be/science/wave_plots.php?flare_id=7800
2015/04/10 08:14|2015/04/11 08:16|2015/04/11 08:26|C2|7801|-14|29|212.07|0.50|12320|24.0|79.6|2015/04/11 08:03|-13||7|-105|wave|http://solardemon.oma.be/science/flares.php?fid=7801|http://solardemon.oma.be/science/dimmings.php?did=4115|http://solardemon.oma.be/science/wave_plots.php?flare_id=7801
2015/04/10 09:38|2015/04/11 09:58|2015/04/11 10:14|C3|7802|-13|30|212.30|0.51|12320|25.5|29.0|2015/04/11 09:52|-6||19||wave|http://solardemon.oma.be/science/flares.php?fid=7802||http://solardemon.oma.be/science/wave_plots.php?flare_id=7802
2015/04/10 19:24|2015/04/11 19:36|2015/04/11 19:46|C2|7803|-13|35|211.93|0.59|12320|20.9|27.3|2015/04/11 19:27|-9||12||wave|http://solardemon.oma.be/science/flares.php?fid=7803||http://solardemon.oma.be/science/wave_plots.php?flare_id=7803
2015/04/11 02:38|2015/04/12 02:50|2015/04/12 04:00|C4|7804||||1.02||36.8|47.3|2015/04/12 02:41|-9|98307|42||edge|http://solardemon.oma.be/science/flares.php?fid=7804||
2015/04/11 17:20|2015/04/12 17:46|2015/04/12 18:02|C1|7805|13|-76|88.86|0.98||14.3|21.8|2015/04/12 17:41|-5||22||edge|http://solardemon.oma.be/science/flares.php?fid=7805||
2015/04/12 00:28|2015/04/13 00:30|2015/04/13 00:34|C2|7806|-14|53|213.94|0.80|12320|19.0|39.6|2015/04/13 00:29|-1||4||wave|http://solardemon.oma.be/science/flares.php?fid=7806||http://solardemon.oma.be/science/wave_plots.php?flare_id=7806
2015/04/12 01:18|2015/04/13 01:24|2015/04/13 01:34|C3|7807||||1.01||25.3|29.3|2015/04/13 01:21|-3||9||edge|http://solardemon.oma.be/science/flares.php?fid=7807||
2015/04/12 08:16|2015/04/13 08:28|2015/04/13 08:40|C1|7809|13|-67|89.65|0.94|12321|14.8|29.6|2015/04/13 08:16|-12||13||wave|http://solardemon.oma.be/science/flares.php?fid=7809||http://solardemon.oma.be/science/wave_plots.php?flare_id=7809
2015/04/12 09:34|2015/04/13 10:04|2015/04/13 12:26|C7|7810|10|-75|80.94|0.98|12321|72.5|116.0|2015/04/13 09:49|-15|98318|87|-156|edge|http://solardemon.oma.be/science/flares.php?fid=7810|http://solardemon.oma.be/science/dimmings.php?did=4118|
2015/04/12 18:02|2015/04/13 18:10|2015/04/13 18:22|C8|7813|13|-59|92.28|0.89|12321|75.0|90.2|2015/04/13 18:07|-3|98307|11||wave|http://solardemon.oma.be/science/flares.php?fid=7813||http://solardemon.oma.be/science/wave_plots.php?flare_id=7813
2015/04/12 18:04|2015/04/13 18:12|2015/04/13 18:24|C1|7814|-13|62|213.26|0.89|12320|11.5|90.2|2015/04/13 18:07|-5||11||wave|http://solardemon.oma.be/science/flares.php?fid=7814||http://solardemon.oma.be/science/wave_plots.php?flare_id=7814
2015/04/12 21:24|2015/04/13 21:30|2015/04/13 21:44|C1|7816|-15|50|199.43|0.76|12323|12.6|20.5|2015/04/13 21:27|-3||11|-46|wave|http://solardemon.oma.be/science/flares.php?fid=7816|http://solardemon.oma.be/science/dimmings.php?did=4119|http://solardemon.oma.be/science/wave_plots.php?flare_id=7816
2015/04/12 22:22|2015/04/13 22:32|2015/04/13 22:54|C1|7818||||1.02||14.3|29.2|2015/04/13 22:26|-6||17||edge|http://solardemon.oma.be/science/flares.php?fid=7818||
2015/04/12 23:28|2015/04/13 23:34|2015/04/13 23:52|C3|7819||||1.01||30.3|64.3|2015/04/13 23:29|-5||13|-70|edge|http://solardemon.oma.be/science/flares.php?fid=7819|http://solardemon.oma.be/science/dimmings.php?did=4120|
2015/04/12 23:40|2015/04/13 00:00|2015/04/13 00:36|C4|7820|-15|58|206.18|0.86|12320|39.9|||-31|98308|29|-70|wave|http://solardemon.oma.be/science/flares.php?fid=7820|http://solardemon.oma.be/science/dimmings.php?did=4120|http://solardemon.oma.be/science/wave_plots.php?flare_id=7820
2015/04/13 02:44|2015/04/14 02:46|2015/04/14 02:50|C1|7821|14|-56|90.49|0.86|12321|10.4|21.1|2015/04/14 02:43|-3||4||wave|http://solardemon.oma.be/science/flares.php?fid=7821||http://solardemon.oma.be/science/wave_plots.php?flare_id=7821
2015/04/13 04:08|2015/04/14 04:12|2015/04/14 04:18|C1|7823||||1.01||13.1|43.4|2015/04/14 04:09|-3||6||edge|http://solardemon.oma.be/science/flares.php?fid=7823||
2015/04/13 08:26|2015/04/14 08:26|2015/04/14 08:36|C1|7826|13|-25|118.36|0.53|12322|14.8|47.2|2015/04/14 08:26|-0||6||wave|http://solardemon.oma.be/science/flares.php?fid=7826||http://solardemon.oma.be/science/wave_plots.php?flare_id=7826
2015/04/13 10:10|2015/04/14 10:14|2015/04/14 10:18|C1|7828|-14|72|214.40|0.95|12320|10.1|19.1|2015/04/14 10:11|-3||5||edge|http://solardemon.oma.be/science/flares.php?fid=7828||
2015/04/13 11:34|2015/04/14 11:38|2015/04/14 11:44|C1|7829|-14|73|214.63|0.96|12320|11.6|23.5|2015/04/14 11:35|-3||6||edge|http://solardemon.oma.be/science/flares.php?fid=7829||
2015/04/13 23:22|2015/04/14 23:26|2015/04/14 23:30|C2|7832|14|-44|91.14|0.75|12321|17.5|29.2|2015/04/14 23:23|-3||5||wave|http://solardemon.oma.be/science/flares.php?fid=7832||http://solardemon.oma.be/science/wave_plots.php?flare_id=7832
2015/04/15 20:18|2015/04/16 20:26|2015/04/16 20:40|C4|7835|11|-16|94.42|0.39|12321|44.2|79.0|2015/04/16 20:23|-3|98309|12|-35|wave|http://solardemon.oma.be/science/flares.php?fid=7835|http://solardemon.oma.be/science/dimmings.php?did=4123|http://solardemon.oma.be/science/wave_plots.php?flare_id=7835
2015/04/15 20:42|2015/04/16 20:44|2015/04/16 21:20|C3|7836|10|-16|94.20|0.40|12321|25.1|79.0|2015/04/16 20:23|-21||19|-35|wave|http://solardemon.oma.be/science/flares.php?fid=7836|http://solardemon.oma.be/science/dimmings.php?did=4123|http://solardemon.oma.be/science/wave_plots.php?flare_id=7836
2015/04/16 09:04|2015/04/17 09:12|2015/04/17 09:24|C5|7838|21|-46|57.40|0.80|12324|47.3|58.0|2015/04/17 09:07|-5|98307|11||wave|http://solardemon.oma.be/science/flares.php?fid=7838||http://solardemon.oma.be/science/wave_plots.php?flare_id=7838
2015/04/16 11:20|2015/04/17 11:26|2015/04/17 11:44|C2|7839|11|-8|94.15|0.32|12321|22.5|23.0|2015/04/17 11:22|-4||13||wave|http://solardemon.oma.be/science/flares.php?fid=7839||http://solardemon.oma.be/science/wave_plots.php?flare_id=7839
2015/04/16 19:12|2015/04/17 19:16|2015/04/17 20:28|C2|7841|5|-51|46.82|0.80|12325|16.1||2015/04/17 19:17|1||39||wave|http://solardemon.oma.be/science/flares.php?fid=7841||http://solardemon.oma.be/science/wave_plots.php?flare_id=7841
2015/04/17 01:20|2015/04/18 01:38|2015/04/18 01:54|C1|7842|5|-47|47.45|0.75|12325|14.5|26.3|2015/04/18 01:37|-1||18||wave|http://solardemon.oma.be/science/flares.php?fid=7842||http://solardemon.oma.be/science/wave_plots.php?flare_id=7842
2015/04/18 14:12|2015/04/19 14:24|2015/04/19 15:38|C4|7846|8|15|89.16|0.37|12321|41.6|52.2|2015/04/19 14:19|-5|98308|44|-782|wave|http://solardemon.oma.be/science/flares.php?fid=7846|http://solardemon.oma.be/science/dimmings.php?did=4126|http://solardemon.oma.be/science/wave_plots.php?flare_id=7846
2015/04/18 18:16|2015/04/19 18:30|2015/04/19 18:48|C4|7847|11|24|95.93|0.49|12321|38.4|29.5|2015/04/19 18:25|-5|98307|17||wave|http://solardemon.oma.be/science/flares.php?fid=7847||http://solardemon.oma.be/science/wave_plots.php?flare_id=7847
2015/04/19 03:28|2015/04/20 03:32|2015/04/20 03:44|C2|7849|13|27|93.86|0.55|12321|15.1|14.6|2015/04/20 03:30|-2||9||wave|http://solardemon.oma.be/science/flares.php?fid=7849||http://solardemon.oma.be/science/wave_plots.php?flare_id=7849
2015/04/19 07:20|2015/04/20 07:30|2015/04/20 07:56|C2|7850||||1.02||19.1|22.3|2015/04/20 07:19|-11||19||edge|http://solardemon.oma.be/science/flares.php?fid=7850||
2015/04/21 07:14|2015/04/22 07:26|2015/04/22 08:28|M1|7852||||1.01||111.2|100.0|2015/04/22 07:20|-6|98311|38||edge|http://solardemon.oma.be/science/flares.php?fid=7852||
2015/04/21 10:04|2015/04/22 10:14|2015/04/22 10:34|C1|7853||||1.01||10.8|||26||16|-89|edge|http://solardemon.oma.be/science/flares.php?fid=7853|http://solardemon.oma.be/science/dimmings.php?did=4131|
2015/04/21 10:26|2015/04/22 10:52|2015/04/22 12:06|M2|7854||||1.04||174.5|221.0|2015/04/22 10:40|-12|98315|51|-89|edge|http://solardemon.oma.be/science/flares.php?fid=7854|http://solardemon.oma.be/science/dimmings.php?did=4131|
2015/04/21 11:54|2015/04/22 12:02|2015/04/22 12:14|M2|7855||||1.00||183.6|228.0|2015/04/22 11:57|-5|98309|11||edge|http://solardemon.oma.be/science/flares.php?fid=7855||
2015/04/21 12:16|2015/04/22 12:26|2015/04/22 13:34|C5|7856||||1.03||52.9|||-29|98309|40||edge|http://solardemon.oma.be/science/flares.php?fid=7856||
2015/04/21 15:26|2015/04/22 15:50|2015/04/22 16:58|M3|7857||||1.02||281.9|403.0|2015/04/22 15:45|-5|98317|47|-21|edge|http://solardemon.oma.be/science/flares.php?fid=7857|http://solardemon.oma.be/science/dimmings.php?did=4133|
2015/04/21 17:00|2015/04/22 17:12|2015/04/22 17:54|M1|7858||||1.02||144.8|205.0|2015/04/22 17:00|-12|98311|28||edge|http://solardemon.oma.be/science/flares.php?fid=7858||
2015/04/21 20:22|2015/04/22 20:28|2015/04/22 20:50|C2|7859||||1.01||17.6|||30||15||edge|http://solardemon.oma.be/science/flares.php?fid=7859||
2015/04/21 20:56|2015/04/22 21:10|2015/04/22 21:36|C4|7860|4|19|49.84|0.36|12325|39.3|50.3|2015/04/22 20:59|-11|98306|20||wave|http://solardemon.oma.be/science/flares.php?fid=7860||http://solardemon.oma.be/science/wave_plots.php?flare_id=7860
2015/04/21 21:44|2015/04/22 22:06|2015/04/22 23:48|M1|7861||||1.02||107.8|180.0|2015/04/22 21:45|-21|98323|63|0|edge|http://solardemon.oma.be/science/flares.php?fid=7861|http://solardemon.oma.be/science/dimmings.php?did=4134|
2015/04/22 01:16|2015/04/23 01:20|2015/04/23 01:26|C1|7862||||1.01||10.3||2015/04/23 01:44|24||6||edge|http://solardemon.oma.be/science/flares.php?fid=7862||
2015/04/22 01:42|2015/04/23 01:46|2015/04/23 01:54|C2|7863|23|33|61.21|0.69|12324|20.0||2015/04/23 02:07|21||7|-47|wave|http://solardemon.oma.be/science/flares.php?fid=7863|http://solardemon.oma.be/science/dimmings.php?did=4136|http://solardemon.oma.be/science/wave_plots.php?flare_id=7863
2015/04/22 02:06|2015/04/23 02:16|2015/04/23 02:52|C3|7864||||1.02||28.8|46.8|2015/04/23 02:07|-9||24||edge|http://solardemon.oma.be/science/flares.php?fid=7864||
2015/04/22 03:06|2015/04/23 03:28|2015/04/23 05:16|C2|7865||||1.03||19.4|41.2|2015/04/23 03:25|-3||66||edge|http://solardemon.oma.be/science/flares.php?fid=7865||
2015/04/22 08:36|2015/04/23 09:18|2015/04/23 10:40|C6|7869||||1.04||61.1|||-29|98318|63|-16|edge|http://solardemon.oma.be/science/flares.php?fid=7869|http://solardemon.oma.be/science/dimmings.php?did=4140|
2015/04/23 02:16|2015/04/24 02:22|2015/04/24 02:38|C1|7872||||1.01||13.1|22.1|2015/04/24 02:09|-13||12||edge|http://solardemon.oma.be/science/flares.php?fid=7872||
2015/04/23 09:38|2015/04/24 10:34|2015/04/24 13:48|C9|7876||||1.04||93.1|||-27|98327|126||edge|http://solardemon.oma.be/science/flares.php?fid=7876||
2015/04/23 12:02|2015/04/24 12:08|2015/04/24 12:22|C3|7877|20|74|83.32|0.98|12321|27.6|73.6|2015/04/24 12:03|-5||11||edge|http://solardemon.oma.be/science/flares.php?fid=7877||
2015/04/24 19:10|2015/04/25 19:30|2015/04/25 19:46|C1|7880|21|68|60.18|0.95|12324|11.9|17.1|2015/04/25 19:27|-3||19||edge|http://solardemon.oma.be/science/flares.php?fid=7880||
2015/05/01 02:54|2015/05/02 03:02|2015/05/02 03:22|C3|7889|-15|-80|188.64|0.99|12335|28.0|23.7|2015/05/02 02:57|-5||15||edge|http://solardemon.oma.be/science/flares.php?fid=7889||
2015/05/03 06:02|2015/05/04 06:10|2015/05/04 06:18|C1|7892|-14|-48|192.48|0.76|12335|12.7|18.6|2015/05/04 06:05|-5||9|-1|wave|http://solardemon.oma.be/science/flares.php?fid=7892|http://solardemon.oma.be/science/dimmings.php?did=4159|http://solardemon.oma.be/science/wave_plots.php?flare_id=7892
2015/05/03 23:46|2015/05/04 23:50|2015/05/04 00:20|C1|7893|-18|-40|190.71|0.66|12335|11.0|22.8|2015/05/04 23:47|-3||18||wave|http://solardemon.oma.be/science/flares.php?fid=7893||http://solardemon.oma.be/science/wave_plots.php?flare_id=7893
2015/05/04 00:48|2015/05/05 01:12|2015/05/05 01:28|C3|7894|-17|-38|192.15|0.65|12335|33.1|80.5|2015/05/05 00:52|-20||21||wave|http://solardemon.oma.be/science/flares.php?fid=7894||http://solardemon.oma.be/science/wave_plots.php?flare_id=7894
2015/05/04 10:32|2015/05/05 10:38|2015/05/05 10:46|C1|7896||||1.01||11.6|20.3|2015/05/05 10:32|-6||8|-4|edge|http://solardemon.oma.be/science/flares.php?fid=7896|http://solardemon.oma.be/science/dimmings.php?did=4162|
2015/05/04 17:04|2015/05/05 17:12|2015/05/05 17:26|C3|7897||||1.01||30.7|52.0|2015/05/05 17:05|-7||12||edge|http://solardemon.oma.be/science/flares.php?fid=7897||
2015/05/05 02:22|2015/05/06 03:04|2015/05/06 03:20|C1|7899||||1.01||11.7|25.9|2015/05/06 03:03|-1||30||edge|http://solardemon.oma.be/science/flares.php?fid=7899||
2015/05/05 03:56|2015/05/06 05:08|2015/05/06 05:16|C2|7901||||1.01||19.0|26.8|2015/05/06 05:06|-2||39||edge|http://solardemon.oma.be/science/flares.php?fid=7901||
2015/05/05 08:00|2015/05/06 09:50|2015/05/06 09:56|M1|7903||||1.01||138.8|192.0|2015/05/06 09:47|-3|98307|59||edge|http://solardemon.oma.be/science/flares.php?fid=7903||
2015/05/05 09:58|2015/05/06 10:02|2015/05/06 10:26|C9|7904||||1.01||88.0|192.0|2015/05/06 09:47|-15|98311|15||edge|http://solardemon.oma.be/science/flares.php?fid=7904||
2015/05/05 11:24|2015/05/06 11:48|2015/05/06 12:10|C4|7906|-18|-18|193.09|0.39|12335|35.2|66.9|2015/05/06 11:29|-19|98308|24||wave|http://solardemon.oma.be/science/flares.php?fid=7906||http://solardemon.oma.be/science/wave_plots.php?flare_id=7906
2015/05/05 13:24|2015/05/06 13:42|2015/05/06 13:52|C1|7909|-17|-17|192.99|0.37|12335|12.5||2015/05/06 13:53|11||15|-41|wave|http://solardemon.oma.be/science/flares.php?fid=7909|http://solardemon.oma.be/science/dimmings.php?did=4168|http://solardemon.oma.be/science/wave_plots.php?flare_id=7909
2015/05/05 13:48|2015/05/06 13:56|2015/05/06 14:30|M1|7910||||1.01||116.6|||29|98310|22|-41|edge|http://solardemon.oma.be/science/flares.php?fid=7910|http://solardemon.oma.be/science/dimmings.php?did=4168|
2015/05/05 14:22|2015/05/06 14:28|2015/05/06 14:54|C7|7911|-17|-17|192.45|0.36|12335|65.6|134.0|2015/05/06 14:25|-3|98307|17|-41|wave|http://solardemon.oma.be/science/flares.php?fid=7911|http://solardemon.oma.be/science/dimmings.php?did=4168|http://solardemon.oma.be/science/wave_plots.php?flare_id=7911
2015/05/05 15:18|2015/05/06 15:44|2015/05/06 15:58|C2|7912||||1.01||23.5|25.2|2015/05/06 15:21|-23||21||edge|http://solardemon.oma.be/science/flares.php?fid=7912||
2015/05/05 17:20|2015/05/06 17:26|2015/05/06 17:56|M2|7914|-17|-16|191.82|0.34|12335|168.1|269.0|2015/05/06 17:24|-2|98309|19|-2|wave|http://solardemon.oma.be/science/flares.php?fid=7914|http://solardemon.oma.be/science/dimmings.php?did=4169|http://solardemon.oma.be/science/wave_plots.php?flare_id=7914
2015/05/05 17:58|2015/05/06 17:58|2015/05/06 18:00|C1|7916|-15|-15|192.47|0.33|12335|12.9|||-29||2|-2|wave|http://solardemon.oma.be/science/flares.php?fid=7916|http://solardemon.oma.be/science/dimmings.php?did=4169|http://solardemon.oma.be/science/wave_plots.php?flare_id=7916
2015/05/05 21:40|2015/05/06 22:14|2015/05/06 00:22|X2|7918||||1.01||1901.6|2740.0|2015/05/06 22:11|-3|98322|82|-542|edge|http://solardemon.oma.be/science/flares.php?fid=7918|http://solardemon.oma.be/science/dimmings.php?did=4170|
2015/05/06 00:24|2015/05/07 00:30|2015/05/07 01:04|C2|7919|13|-87|116.93|1.00||22.7|30.4|2015/05/07 00:23|-7||21|-1|edge|http://solardemon.oma.be/science/flares.php?fid=7919|http://solardemon.oma.be/science/dimmings.php?did=4171|
2015/05/06 01:54|2015/05/07 02:04|2015/05/07 02:38|C2|7920|15|-77|126.10|0.98|12339|16.9|39.0|2015/05/07 01:55|-9||23||edge|http://solardemon.oma.be/science/flares.php?fid=7920||
2015/05/06 05:04|2015/05/07 05:12|2015/05/07 05:22|C2|7922|15|-73|128.36|0.97|12339|15.9|23.7|2015/05/07 05:10|-2||10||edge|http://solardemon.oma.be/science/flares.php?fid=7922||
2015/05/06 06:40|2015/05/07 06:46|2015/05/07 07:02|C3|7924|11|-74|126.48|0.97|12339|27.4|34.3|2015/05/07 06:41|-5||12||edge|http://solardemon.oma.be/science/flares.php?fid=7924||
2015/05/06 09:16|2015/05/07 11:50|2015/05/07 12:00|M2|7925|14|-66|133.04|0.97|12339|163.8|197.0|2015/05/07 11:49|-1|98305|80|-19|edge|http://solardemon.oma.be/science/flares.php?fid=7925|http://solardemon.oma.be/science/dimmings.php?did=4172|
2015/05/06 20:06|2015/05/07 20:36|2015/05/07 20:54|C2|7929|11|-65|128.08|0.92|12339|16.6|30.9|2015/05/07 20:23|-13||24|-32|wave|http://solardemon.oma.be/science/flares.php?fid=7929|http://solardemon.oma.be/science/dimmings.php?did=4173|http://solardemon.oma.be/science/wave_plots.php?flare_id=7929
2015/05/06 23:48|2015/05/07 23:54|2015/05/07 00:28|C1|7930|-17|-15|176.04|0.34|12337|14.2|18.5|2015/05/07 23:52|-2||21||wave|http://solardemon.oma.be/science/flares.php?fid=7930||http://solardemon.oma.be/science/wave_plots.php?flare_id=7930
2015/05/07 06:30|2015/05/08 06:36|2015/05/08 06:46|C1|7933|11|-60|127.35|0.89|12339|12.1|17.0|2015/05/08 06:31|-5||9||wave|http://solardemon.oma.be/science/flares.php?fid=7933||http://solardemon.oma.be/science/wave_plots.php?flare_id=7933
2015/05/07 09:58|2015/05/08 10:20|2015/05/08 10:44|C3|7935|16|-59|126.44|0.89|12339|34.0|43.8|2015/05/08 10:02|-18|98306|24||wave|http://solardemon.oma.be/science/flares.php?fid=7935||http://solardemon.oma.be/science/wave_plots.php?flare_id=7935
2015/05/07 15:32|2015/05/08 15:40|2015/05/08 15:52|C1|7936|12|-56|126.37|0.85|12339|12.6|18.4|2015/05/08 15:30|-10||11||wave|http://solardemon.oma.be/science/flares.php?fid=7936||http://solardemon.oma.be/science/wave_plots.php?flare_id=7936
2015/05/07 16:54|2015/05/08 16:56|2015/05/08 17:12|C2|7937|16|-52|129.62|0.83|12339|15.2|28.4|2015/05/08 16:54|-2||10||wave|http://solardemon.oma.be/science/flares.php?fid=7937||http://solardemon.oma.be/science/wave_plots.php?flare_id=7937
2015/05/07 19:54|2015/05/08 20:06|2015/05/08 20:26|C4|7938|15|-51|128.97|0.81|12339|42.4|50.2|2015/05/08 19:59|-7|98306|17||wave|http://solardemon.oma.be/science/flares.php?fid=7938||http://solardemon.oma.be/science/wave_plots.php?flare_id=7938
2015/05/08 04:06|2015/05/09 04:12|2015/05/09 04:26|C4|7940|14|-44|131.45|0.75|12339|35.5|55.7|2015/05/09 04:09|-3|98305|11||wave|http://solardemon.oma.be/science/flares.php?fid=7940||http://solardemon.oma.be/science/wave_plots.php?flare_id=7940
2015/05/08 09:40|2015/05/09 09:42|2015/05/09 09:42|C2|7942|10|-49|123.38|0.78|12339|16.2|41.7|2015/05/09 09:40|-2||2|-7|wave|http://solardemon.oma.be/science/flares.php?fid=7942|http://solardemon.oma.be/science/dimmings.php?did=4179|http://solardemon.oma.be/science/wave_plots.php?flare_id=7942
2015/05/09 01:18|2015/05/10 02:12|2015/05/10 02:48|C6|7945||||1.01||63.9|||-29|98319|46|-402|edge|http://solardemon.oma.be/science/flares.php?fid=7945|http://solardemon.oma.be/science/dimmings.php?did=4180|
2015/05/09 08:12|2015/05/10 08:22|2015/05/10 08:40|C2|7946|14|-34|125.97|0.62|12339|21.5|30.9|2015/05/10 08:13|-9||15||wave|http://solardemon.oma.be/science/flares.php?fid=7946||http://solardemon.oma.be/science/wave_plots.php?flare_id=7946
2015/05/10 17:10|2015/05/11 17:14|2015/05/11 17:24|C2|7949|14|-14|127.81|0.39|12339|15.6|24.6|2015/05/11 17:11|-3||8||wave|http://solardemon.oma.be/science/flares.php?fid=7949||http://solardemon.oma.be/science/wave_plots.php?flare_id=7949
2015/05/12 11:50|2015/05/13 11:54|2015/05/13 12:02|C2|7956|8|5|123.30|0.21|12345|19.7|30.3|2015/05/13 11:51|-3||7||wave|http://solardemon.oma.be/science/flares.php?fid=7956||http://solardemon.oma.be/science/wave_plots.php?flare_id=7956
2015/05/13 11:08|2015/05/14 11:12|2015/05/14 11:20|C1|7959|10|33|138.46|0.59|12339|13.9|32.3|2015/05/14 11:11|-1||7|-106|wave|http://solardemon.oma.be/science/flares.php?fid=7959|http://solardemon.oma.be/science/dimmings.php?did=4189|http://solardemon.oma.be/science/wave_plots.php?flare_id=7959
2015/05/13 18:12|2015/05/14 18:22|2015/05/14 19:18|C8|7960|13|17|118.57|0.40|12345|78.7|92.9|2015/05/14 18:18|-4|98317|34|-760|wave|http://solardemon.oma.be/science/flares.php?fid=7960|http://solardemon.oma.be/science/dimmings.php?did=4192|http://solardemon.oma.be/science/wave_plots.php?flare_id=7960
2015/05/14 14:06|2015/05/15 14:18|2015/05/15 14:30|C2|7963|18|-1|89.60|0.37|12342|19.7|28.4|2015/05/15 14:08|-10||13|-158|wave|http://solardemon.oma.be/science/flares.php?fid=7963|http://solardemon.oma.be/science/dimmings.php?did=4195|http://solardemon.oma.be/science/wave_plots.php?flare_id=7963
2015/05/14 16:22|2015/05/15 16:32|2015/05/15 16:42|C1|7964|17|40|129.35|0.70|12339|10.3|22.0|2015/05/15 16:31|-1||11||wave|http://solardemon.oma.be/science/flares.php?fid=7964||http://solardemon.oma.be/science/wave_plots.php?flare_id=7964
2015/05/14 17:50|2015/05/15 17:56|2015/05/15 18:10|C4|7965|9|51|139.54|0.80|12339|36.8|48.8|2015/05/15 17:53|-3|98306|11|-32|wave|http://solardemon.oma.be/science/flares.php?fid=7965|http://solardemon.oma.be/science/dimmings.php?did=4196|http://solardemon.oma.be/science/wave_plots.php?flare_id=7965
2015/05/15 22:26|2015/05/16 22:30|2015/05/16 22:38|C1|7969|18|15|87.78|0.44|12342|10.7|20.2|2015/05/16 22:30|-0||7|-21|wave|http://solardemon.oma.be/science/flares.php?fid=7969|http://solardemon.oma.be/science/dimmings.php?did=4200|http://solardemon.oma.be/science/wave_plots.php?flare_id=7969
2015/05/15 23:26|2015/05/16 23:32|2015/05/16 23:36|C2|7970|9|68|140.23|0.94|12339|19.9|25.5|2015/05/16 23:29|-3||6|-24|wave|http://solardemon.oma.be/science/flares.php?fid=7970|http://solardemon.oma.be/science/dimmings.php?did=4201|http://solardemon.oma.be/science/wave_plots.php?flare_id=7970
2015/05/19 11:58|2015/05/20 12:00|2015/05/20 12:04|C1|7973|23|-55|330.65|0.87||10.6|23.7|2015/05/20 11:59|-1||4|-63|wave|http://solardemon.oma.be/science/flares.php?fid=7973|http://solardemon.oma.be/science/dimmings.php?did=4214|http://solardemon.oma.be/science/wave_plots.php?flare_id=7973
2015/05/20 08:08|2015/05/21 08:16|2015/05/21 08:30|C1|7974|-24|-17|357.53|0.45|12349|13.2|16.4|2015/05/21 08:12|-4||12|-179|wave|http://solardemon.oma.be/science/flares.php?fid=7974|http://solardemon.oma.be/science/dimmings.php?did=4216|http://solardemon.oma.be/science/wave_plots.php?flare_id=7974
2015/05/22 23:48|2015/05/23 23:54|2015/05/23 00:00|C2|7978|-22|20|359.44|0.47|12349|20.7|20.5|2015/05/23 23:51|-3||7||wave|http://solardemon.oma.be/science/flares.php?fid=7978||http://solardemon.oma.be/science/wave_plots.php?flare_id=7978
2015/05/27 21:28|2015/05/28 21:36|2015/05/28 21:48|C1|7986||||1.01||10.9|14.0|2015/05/28 21:31|-5||11||edge|http://solardemon.oma.be/science/flares.php?fid=7986||
2015/06/04 09:40|2015/06/05 09:50|2015/06/05 11:56|C5|7991|16|-74|101.21|0.98||53.2|81.9|2015/06/05 09:47|-3|98331|69||edge|http://solardemon.oma.be/science/flares.php?fid=7991||
2015/06/05 09:36|2015/06/06 09:44|2015/06/06 10:10|C2|7993|15|-59|103.01|0.88|12361|23.0|21.4|2015/06/06 09:38|-6||18||wave|http://solardemon.oma.be/science/flares.php?fid=7993||http://solardemon.oma.be/science/wave_plots.php?flare_id=7993
2015/06/05 17:30|2015/06/06 17:40|2015/06/06 18:10|C2|7994|15|-55|102.66|0.85|12361|22.4|35.1|2015/06/06 17:34|-6||21||wave|http://solardemon.oma.be/science/flares.php?fid=7994||http://solardemon.oma.be/science/wave_plots.php?flare_id=7994
2015/06/06 22:30|2015/06/06 22:36|2015/06/06 23:02|C2|7995|-6|-64|77.66|0.91||22.2|22.8|2015/06/06 22:34|-2||17||wave|http://solardemon.oma.be/science/flares.php?fid=7995||http://solardemon.oma.be/science/wave_plots.php?flare_id=7995
